,shift_id,datetime,x,y,need,action_time
0,1,2022-07-01 00:00:00,6,10,0,0.0
1,1,2022-07-01 00:00:00,5,10,0,0.5
2,1,2022-07-01 00:00:00,4,10,0,0.5
3,1,2022-07-01 00:00:00,3,10,1,2.5
0,1,2022-07-01 00:00:00,3,10,0,0.0
1,1,2022-07-01 00:00:00,2,10,0,0.5
2,1,2022-07-01 00:00:00,2,11,1,2.5
0,1,2022-07-01 00:00:00,2,11,0,0.0
1,1,2022-07-01 00:00:00,1,11,0,0.5
2,1,2022-07-01 00:00:00,1,12,0,0.5
3,1,2022-07-01 00:00:00,1,13,2,4.5
0,1,2022-07-01 00:00:00,1,13,0,0.0
1,1,2022-07-01 00:00:00,2,13,0,0.5
2,1,2022-07-01 00:00:00,3,13,1,2.5
0,1,2022-07-01 00:00:00,3,13,0,0.0
1,1,2022-07-01 00:00:00,4,13,0,0.5
2,1,2022-07-01 00:00:00,5,13,0,0.5
3,1,2022-07-01 00:00:00,6,13,0,0.5
4,1,2022-07-01 00:00:00,7,13,0,0.5
5,1,2022-07-01 00:00:00,8,13,0,0.5
6,1,2022-07-01 00:00:00,9,13,0,0.5
7,1,2022-07-01 00:00:00,10,13,0,0.5
8,1,2022-07-01 00:00:00,11,13,0,0.5
9,1,2022-07-01 00:00:00,12,13,0,0.5
10,1,2022-07-01 00:00:00,12,12,0,0.5
11,1,2022-07-01 00:00:00,12,11,0,0.5
12,1,2022-07-01 00:00:00,12,10,0,0.5
13,1,2022-07-01 00:00:00,12,9,0,0.5
14,1,2022-07-01 00:00:00,12,8,1,2.5
0,1,2022-07-01 00:00:00,12,8,0,0.0
1,1,2022-07-01 00:00:00,12,7,1,2.5
0,1,2022-07-01 00:00:00,12,7,0,0.0
1,1,2022-07-01 00:00:00,11,7,0,0.5
2,1,2022-07-01 00:00:00,11,6,0,0.5
3,1,2022-07-01 00:00:00,11,5,1,2.5
0,1,2022-07-01 00:00:00,11,5,0,0.0
1,1,2022-07-01 00:00:00,11,4,0,0.5
2,1,2022-07-01 00:00:00,11,3,0,0.5
3,1,2022-07-01 00:00:00,11,2,1,2.5
0,1,2022-07-01 00:00:00,11,2,0,0.0
1,1,2022-07-01 00:00:00,11,1,1,2.5
0,1,2022-07-01 00:00:00,11,1,0,0.0
1,1,2022-07-01 00:00:00,12,1,1,2.5
0,1,2022-07-01 00:00:00,12,1,0,0.0
1,1,2022-07-01 00:00:00,12,2,3,6.5
0,1,2022-07-01 00:00:00,12,2,0,0.0
1,1,2022-07-01 00:00:00,13,2,0,0.5
2,1,2022-07-01 00:00:00,14,2,0,0.5
3,1,2022-07-01 00:00:00,15,2,0,0.5
4,1,2022-07-01 00:00:00,16,2,0,0.5
5,1,2022-07-01 00:00:00,17,2,0,0.5
6,1,2022-07-01 00:00:00,18,2,0,0.5
7,1,2022-07-01 00:00:00,19,2,0,0.5
8,1,2022-07-01 00:00:00,20,2,0,0.5
9,1,2022-07-01 00:00:00,20,3,0,0.5
10,1,2022-07-01 00:00:00,20,4,0,0.5
11,1,2022-07-01 00:00:00,20,5,0,0.5
12,1,2022-07-01 00:00:00,20,6,0,0.5
13,1,2022-07-01 00:00:00,20,7,1,2.5
0,1,2022-07-01 00:00:00,20,7,0,0.0
1,1,2022-07-01 00:00:00,19,7,0,0.5
2,1,2022-07-01 00:00:00,18,7,0,0.5
3,1,2022-07-01 00:00:00,17,7,0,0.5
4,1,2022-07-01 00:00:00,16,7,0,0.5
5,1,2022-07-01 00:00:00,15,7,0,0.5
6,1,2022-07-01 00:00:00,14,7,0,0.5
7,1,2022-07-01 00:00:00,13,7,0,0.5
8,1,2022-07-01 00:00:00,12,7,0,0.5
9,1,2022-07-01 00:00:00,11,7,0,0.5
10,1,2022-07-01 00:00:00,10,7,0,0.5
11,1,2022-07-01 00:00:00,9,7,0,0.5
12,1,2022-07-01 00:00:00,8,7,0,0.5
13,1,2022-07-01 00:00:00,7,7,0,0.5
14,1,2022-07-01 01:00:00,6,7,0,0.5
15,1,2022-07-01 01:00:00,6,8,0,0.5
16,1,2022-07-01 01:00:00,6,9,0,0.5
17,1,2022-07-01 01:00:00,6,10,0,0.5
0,2,2022-07-01 01:00:00,6,10,-20,40.0
0,2,2022-07-01 01:00:00,6,10,0,0.0
1,2,2022-07-01 01:00:00,7,10,0,0.5
2,2,2022-07-01 01:00:00,8,10,0,0.5
3,2,2022-07-01 01:00:00,9,10,0,0.5
4,2,2022-07-01 01:00:00,10,10,0,0.5
5,2,2022-07-01 01:00:00,11,10,0,0.5
6,2,2022-07-01 01:00:00,12,10,0,0.5
7,2,2022-07-01 01:00:00,13,10,0,0.5
8,2,2022-07-01 01:00:00,14,10,0,0.5
9,2,2022-07-01 01:00:00,14,9,0,0.5
10,2,2022-07-01 01:00:00,14,8,1,2.5
0,2,2022-07-01 01:00:00,14,8,0,0.0
1,2,2022-07-01 01:00:00,14,7,1,2.5
0,2,2022-07-01 01:00:00,14,7,0,0.0
1,2,2022-07-01 01:00:00,13,7,0,0.5
2,2,2022-07-01 01:00:00,12,7,0,0.5
3,2,2022-07-01 01:00:00,12,6,0,0.5
4,2,2022-07-01 01:00:00,12,5,0,0.5
5,2,2022-07-01 01:00:00,12,4,0,0.5
6,2,2022-07-01 01:00:00,12,3,0,0.5
7,2,2022-07-01 01:00:00,12,2,0,0.5
8,2,2022-07-01 01:00:00,12,1,2,4.5
0,2,2022-07-01 01:00:00,12,1,0,0.0
1,2,2022-07-01 01:00:00,11,1,0,0.5
2,2,2022-07-01 02:00:00,11,0,1,2.5
0,2,2022-07-01 02:00:00,11,0,0,0.0
1,2,2022-07-01 02:00:00,10,0,0,0.5
2,2,2022-07-01 02:00:00,9,0,0,0.5
3,2,2022-07-01 02:00:00,8,0,0,0.5
4,2,2022-07-01 02:00:00,7,0,0,0.5
5,2,2022-07-01 02:00:00,6,0,0,0.5
6,2,2022-07-01 02:00:00,6,1,0,0.5
7,2,2022-07-01 02:00:00,6,2,0,0.5
8,2,2022-07-01 02:00:00,6,3,0,0.5
9,2,2022-07-01 02:00:00,6,4,0,0.5
10,2,2022-07-01 02:00:00,6,5,0,0.5
11,2,2022-07-01 02:00:00,6,6,0,0.5
12,2,2022-07-01 02:00:00,6,7,0,0.5
13,2,2022-07-01 02:00:00,6,8,0,0.5
14,2,2022-07-01 02:00:00,6,9,0,0.5
15,2,2022-07-01 02:00:00,6,10,0,0.5
0,3,2022-07-01 02:00:00,6,10,0,0.0
1,3,2022-07-01 02:00:00,7,10,0,0.5
2,3,2022-07-01 02:00:00,8,10,0,0.5
3,3,2022-07-01 02:00:00,9,10,0,0.5
4,3,2022-07-01 02:00:00,10,10,0,0.5
5,3,2022-07-01 02:00:00,11,10,0,0.5
6,3,2022-07-01 02:00:00,11,9,0,0.5
7,3,2022-07-01 02:00:00,11,8,0,0.5
8,3,2022-07-01 02:00:00,11,7,0,0.5
9,3,2022-07-01 02:00:00,11,6,1,2.5
0,3,2022-07-01 02:00:00,11,6,0,0.0
1,3,2022-07-01 02:00:00,12,6,0,0.5
2,3,2022-07-01 02:00:00,13,6,0,0.5
3,3,2022-07-01 02:00:00,14,6,0,0.5
4,3,2022-07-01 02:00:00,15,6,0,0.5
5,3,2022-07-01 02:00:00,15,7,1,2.5
0,3,2022-07-01 02:00:00,15,7,0,0.0
1,3,2022-07-01 02:00:00,14,7,0,0.5
2,3,2022-07-01 02:00:00,13,7,0,0.5
3,3,2022-07-01 02:00:00,12,7,0,0.5
4,3,2022-07-01 02:00:00,11,7,0,0.5
5,3,2022-07-01 02:00:00,10,7,0,0.5
6,3,2022-07-01 02:00:00,9,7,0,0.5
7,3,2022-07-01 02:00:00,8,7,0,0.5
8,3,2022-07-01 02:00:00,7,7,0,0.5
9,3,2022-07-01 02:00:00,6,7,0,0.5
10,3,2022-07-01 02:00:00,5,7,0,0.5
11,3,2022-07-01 02:00:00,4,7,0,0.5
12,3,2022-07-01 02:00:00,3,7,0,0.5
13,3,2022-07-01 02:00:00,2,7,0,0.5
14,3,2022-07-01 02:00:00,1,7,0,0.5
15,3,2022-07-01 02:00:00,0,7,0,0.5
16,3,2022-07-01 02:00:00,0,8,0,0.5
17,3,2022-07-01 02:00:00,0,9,0,0.5
18,3,2022-07-01 02:00:00,0,10,0,0.5
19,3,2022-07-01 02:00:00,0,11,0,0.5
20,3,2022-07-01 02:00:00,0,12,0,0.5
21,3,2022-07-01 02:00:00,0,13,0,0.5
22,3,2022-07-01 02:00:00,0,14,0,0.5
23,3,2022-07-01 02:00:00,0,15,0,0.5
24,3,2022-07-01 02:00:00,0,16,1,2.5
0,3,2022-07-01 02:00:00,0,16,0,0.0
1,3,2022-07-01 02:00:00,1,16,0,0.5
2,3,2022-07-01 02:00:00,2,16,0,0.5
3,3,2022-07-01 02:00:00,3,16,0,0.5
4,3,2022-07-01 02:00:00,4,16,0,0.5
5,3,2022-07-01 02:00:00,5,16,0,0.5
6,3,2022-07-01 02:00:00,6,16,0,0.5
7,3,2022-07-01 02:00:00,6,15,0,0.5
8,3,2022-07-01 02:00:00,6,14,0,0.5
9,3,2022-07-01 02:00:00,6,13,0,0.5
10,3,2022-07-01 02:00:00,6,12,0,0.5
11,3,2022-07-01 02:00:00,6,11,0,0.5
12,3,2022-07-01 02:00:00,6,10,0,0.5
0,4,2022-07-01 03:00:00,6,10,0,0.0
1,4,2022-07-01 03:00:00,7,10,0,0.5
2,4,2022-07-01 03:00:00,8,10,0,0.5
3,4,2022-07-01 03:00:00,9,10,0,0.5
4,4,2022-07-01 03:00:00,10,10,0,0.5
5,4,2022-07-01 03:00:00,11,10,0,0.5
6,4,2022-07-01 03:00:00,11,9,0,0.5
7,4,2022-07-01 03:00:00,11,8,0,0.5
8,4,2022-07-01 03:00:00,11,7,0,0.5
9,4,2022-07-01 03:00:00,11,6,0,0.5
10,4,2022-07-01 03:00:00,11,5,0,0.5
11,4,2022-07-01 03:00:00,11,4,0,0.5
12,4,2022-07-01 03:00:00,11,3,0,0.5
13,4,2022-07-01 03:00:00,11,2,0,0.5
14,4,2022-07-01 03:00:00,11,1,2,4.5
0,4,2022-07-01 03:00:00,11,1,0,0.0
1,4,2022-07-01 03:00:00,10,1,0,0.5
2,4,2022-07-01 03:00:00,9,1,0,0.5
3,4,2022-07-01 03:00:00,8,1,0,0.5
4,4,2022-07-01 03:00:00,7,1,0,0.5
5,4,2022-07-01 03:00:00,6,1,0,0.5
6,4,2022-07-01 03:00:00,6,2,0,0.5
7,4,2022-07-01 03:00:00,6,3,0,0.5
8,4,2022-07-01 03:00:00,6,4,0,0.5
9,4,2022-07-01 03:00:00,6,5,0,0.5
10,4,2022-07-01 03:00:00,6,6,0,0.5
11,4,2022-07-01 03:00:00,6,7,0,0.5
12,4,2022-07-01 03:00:00,6,8,0,0.5
13,4,2022-07-01 03:00:00,6,9,0,0.5
14,4,2022-07-01 03:00:00,6,10,0,0.5
0,5,2022-07-01 04:00:00,6,10,0,0.0
1,5,2022-07-01 04:00:00,6,9,0,0.5
2,5,2022-07-01 04:00:00,6,8,0,0.5
3,5,2022-07-01 04:00:00,6,7,1,2.5
0,5,2022-07-01 04:00:00,6,7,0,0.0
1,5,2022-07-01 04:00:00,5,7,0,0.5
2,5,2022-07-01 04:00:00,4,7,0,0.5
3,5,2022-07-01 04:00:00,3,7,0,0.5
4,5,2022-07-01 04:00:00,3,8,0,0.5
5,5,2022-07-01 04:00:00,3,9,0,0.5
6,5,2022-07-01 04:00:00,3,10,0,0.5
7,5,2022-07-01 04:00:00,3,11,0,0.5
8,5,2022-07-01 04:00:00,3,12,0,0.5
9,5,2022-07-01 04:00:00,3,13,1,2.5
0,5,2022-07-01 04:00:00,3,13,0,0.0
1,5,2022-07-01 04:00:00,4,13,0,0.5
2,5,2022-07-01 04:00:00,5,13,0,0.5
3,5,2022-07-01 04:00:00,6,13,0,0.5
4,5,2022-07-01 04:00:00,7,13,0,0.5
5,5,2022-07-01 04:00:00,8,13,0,0.5
6,5,2022-07-01 04:00:00,9,13,0,0.5
7,5,2022-07-01 04:00:00,10,13,0,0.5
8,5,2022-07-01 04:00:00,11,13,0,0.5
9,5,2022-07-01 04:00:00,12,13,0,0.5
10,5,2022-07-01 04:00:00,13,13,0,0.5
11,5,2022-07-01 04:00:00,14,13,0,0.5
12,5,2022-07-01 04:00:00,15,13,0,0.5
13,5,2022-07-01 04:00:00,16,13,0,0.5
14,5,2022-07-01 04:00:00,17,13,0,0.5
15,5,2022-07-01 04:00:00,18,13,0,0.5
16,5,2022-07-01 04:00:00,18,12,0,0.5
17,5,2022-07-01 04:00:00,18,11,0,0.5
18,5,2022-07-01 04:00:00,18,10,1,2.5
0,5,2022-07-01 04:00:00,18,10,0,0.0
1,5,2022-07-01 04:00:00,17,10,0,0.5
2,5,2022-07-01 04:00:00,16,10,0,0.5
3,5,2022-07-01 04:00:00,15,10,0,0.5
4,5,2022-07-01 04:00:00,14,10,0,0.5
5,5,2022-07-01 04:00:00,13,10,0,0.5
6,5,2022-07-01 04:00:00,12,10,0,0.5
7,5,2022-07-01 04:00:00,11,10,0,0.5
8,5,2022-07-01 04:00:00,10,10,0,0.5
9,5,2022-07-01 04:00:00,9,10,0,0.5
10,5,2022-07-01 04:00:00,8,10,0,0.5
11,5,2022-07-01 04:00:00,7,10,0,0.5
12,5,2022-07-01 04:00:00,6,10,0,0.5
0,6,2022-07-01 05:00:00,6,10,0,0.0
1,6,2022-07-01 05:00:00,5,10,0,0.5
2,6,2022-07-01 05:00:00,4,10,0,0.5
3,6,2022-07-01 05:00:00,4,9,1,2.5
0,6,2022-07-01 05:00:00,4,9,0,0.0
1,6,2022-07-01 05:00:00,5,9,0,0.5
2,6,2022-07-01 05:00:00,6,9,0,0.5
3,6,2022-07-01 05:00:00,7,9,0,0.5
4,6,2022-07-01 05:00:00,8,9,0,0.5
5,6,2022-07-01 05:00:00,9,9,0,0.5
6,6,2022-07-01 05:00:00,9,8,1,2.5
0,6,2022-07-01 05:00:00,9,8,0,0.0
1,6,2022-07-01 05:00:00,9,7,0,0.5
2,6,2022-07-01 05:00:00,9,6,0,0.5
3,6,2022-07-01 05:00:00,9,5,2,4.5
0,6,2022-07-01 05:00:00,9,5,0,0.0
1,6,2022-07-01 05:00:00,10,5,0,0.5
2,6,2022-07-01 05:00:00,11,5,0,0.5
3,6,2022-07-01 05:00:00,12,5,0,0.5
4,6,2022-07-01 05:00:00,13,5,0,0.5
5,6,2022-07-01 05:00:00,14,5,0,0.5
6,6,2022-07-01 05:00:00,14,6,2,4.5
0,6,2022-07-01 05:00:00,14,6,0,0.0
1,6,2022-07-01 05:00:00,15,6,1,2.5
0,6,2022-07-01 05:00:00,15,6,0,0.0
1,6,2022-07-01 05:00:00,14,6,0,0.5
2,6,2022-07-01 05:00:00,13,6,0,0.5
3,6,2022-07-01 05:00:00,12,6,0,0.5
4,6,2022-07-01 05:00:00,11,6,0,0.5
5,6,2022-07-01 05:00:00,10,6,0,0.5
6,6,2022-07-01 05:00:00,9,6,0,0.5
7,6,2022-07-01 05:00:00,8,6,0,0.5
8,6,2022-07-01 05:00:00,7,6,0,0.5
9,6,2022-07-01 05:00:00,6,6,0,0.5
10,6,2022-07-01 05:00:00,6,7,0,0.5
11,6,2022-07-01 05:00:00,6,8,0,0.5
12,6,2022-07-01 05:00:00,6,9,0,0.5
13,6,2022-07-01 05:00:00,6,10,0,0.5
0,7,2022-07-01 06:00:00,6,10,-9,18.0
0,7,2022-07-01 06:00:00,6,10,0,0.0
1,7,2022-07-01 06:00:00,5,10,0,0.5
2,7,2022-07-01 06:00:00,5,9,0,0.5
3,7,2022-07-01 06:00:00,5,8,1,2.5
0,7,2022-07-01 06:00:00,5,8,0,0.0
1,7,2022-07-01 06:00:00,6,8,0,0.5
2,7,2022-07-01 06:00:00,7,8,0,0.5
3,7,2022-07-01 06:00:00,8,8,0,0.5
4,7,2022-07-01 06:00:00,9,8,0,0.5
5,7,2022-07-01 06:00:00,10,8,0,0.5
6,7,2022-07-01 06:00:00,10,7,1,2.5
0,7,2022-07-01 06:00:00,10,7,0,0.0
1,7,2022-07-01 06:00:00,9,7,0,0.5
2,7,2022-07-01 06:00:00,9,6,0,0.5
3,7,2022-07-01 06:00:00,9,5,0,0.5
4,7,2022-07-01 06:00:00,9,4,1,2.5
0,7,2022-07-01 06:00:00,9,4,0,0.0
1,7,2022-07-01 06:00:00,10,4,0,0.5
2,7,2022-07-01 06:00:00,11,4,0,0.5
3,7,2022-07-01 06:00:00,12,4,0,0.5
4,7,2022-07-01 06:00:00,13,4,0,0.5
5,7,2022-07-01 06:00:00,14,4,0,0.5
6,7,2022-07-01 06:00:00,15,4,0,0.5
7,7,2022-07-01 06:00:00,16,4,0,0.5
8,7,2022-07-01 06:00:00,17,4,0,0.5
9,7,2022-07-01 06:00:00,18,4,0,0.5
10,7,2022-07-01 06:00:00,18,5,0,0.5
11,7,2022-07-01 06:00:00,18,6,0,0.5
12,7,2022-07-01 06:00:00,18,7,0,0.5
13,7,2022-07-01 06:00:00,18,8,0,0.5
14,7,2022-07-01 06:00:00,18,9,1,2.5
0,7,2022-07-01 06:00:00,18,9,0,0.0
1,7,2022-07-01 06:00:00,17,9,0,0.5
2,7,2022-07-01 06:00:00,16,9,0,0.5
3,7,2022-07-01 06:00:00,15,9,0,0.5
4,7,2022-07-01 06:00:00,14,9,0,0.5
5,7,2022-07-01 06:00:00,13,9,0,0.5
6,7,2022-07-01 06:00:00,12,9,0,0.5
7,7,2022-07-01 06:00:00,11,9,0,0.5
8,7,2022-07-01 06:00:00,10,9,0,0.5
9,7,2022-07-01 06:00:00,9,9,0,0.5
10,7,2022-07-01 06:00:00,8,9,0,0.5
11,7,2022-07-01 06:00:00,7,9,0,0.5
12,7,2022-07-01 06:00:00,6,9,0,0.5
13,7,2022-07-01 06:00:00,6,10,0,0.5
0,8,2022-07-01 07:00:00,6,10,0,0.0
1,8,2022-07-01 07:00:00,7,10,0,0.5
2,8,2022-07-01 07:00:00,8,10,0,0.5
3,8,2022-07-01 07:00:00,9,10,0,0.5
4,8,2022-07-01 07:00:00,9,9,0,0.5
5,8,2022-07-01 07:00:00,9,8,0,0.5
6,8,2022-07-01 07:00:00,9,7,0,0.5
7,8,2022-07-01 07:00:00,9,6,1,2.5
0,8,2022-07-01 07:00:00,9,6,0,0.0
1,8,2022-07-01 07:00:00,10,6,0,0.5
2,8,2022-07-01 07:00:00,11,6,0,0.5
3,8,2022-07-01 07:00:00,12,6,0,0.5
4,8,2022-07-01 07:00:00,13,6,0,0.5
5,8,2022-07-01 07:00:00,14,6,0,0.5
6,8,2022-07-01 07:00:00,15,6,0,0.5
7,8,2022-07-01 07:00:00,16,6,0,0.5
8,8,2022-07-01 07:00:00,17,6,0,0.5
9,8,2022-07-01 07:00:00,18,6,0,0.5
10,8,2022-07-01 07:00:00,19,6,0,0.5
11,8,2022-07-01 07:00:00,19,7,0,0.5
12,8,2022-07-01 07:00:00,19,8,0,0.5
13,8,2022-07-01 07:00:00,19,9,0,0.5
14,8,2022-07-01 07:00:00,19,10,1,2.5
0,8,2022-07-01 07:00:00,19,10,0,0.0
1,8,2022-07-01 07:00:00,20,10,0,0.5
2,8,2022-07-01 07:00:00,21,10,1,2.5
0,8,2022-07-01 07:00:00,21,10,0,0.0
1,8,2022-07-01 07:00:00,20,10,0,0.5
2,8,2022-07-01 07:00:00,19,10,0,0.5
3,8,2022-07-01 07:00:00,18,10,0,0.5
4,8,2022-07-01 07:00:00,17,10,0,0.5
5,8,2022-07-01 07:00:00,16,10,0,0.5
6,8,2022-07-01 07:00:00,15,10,0,0.5
7,8,2022-07-01 07:00:00,14,10,0,0.5
8,8,2022-07-01 07:00:00,13,10,0,0.5
9,8,2022-07-01 07:00:00,12,10,0,0.5
10,8,2022-07-01 07:00:00,11,10,0,0.5
11,8,2022-07-01 07:00:00,10,10,0,0.5
12,8,2022-07-01 07:00:00,9,10,0,0.5
13,8,2022-07-01 07:00:00,8,10,0,0.5
14,8,2022-07-01 07:00:00,7,10,0,0.5
15,8,2022-07-01 07:00:00,6,10,0,0.5
16,8,2022-07-01 07:00:00,5,10,0,0.5
17,8,2022-07-01 07:00:00,4,10,0,0.5
18,8,2022-07-01 07:00:00,3,10,0,0.5
19,8,2022-07-01 07:00:00,3,11,0,0.5
20,8,2022-07-01 07:00:00,3,12,0,0.5
21,8,2022-07-01 07:00:00,3,13,0,0.5
22,8,2022-07-01 07:00:00,3,14,0,0.5
23,8,2022-07-01 07:00:00,3,15,0,0.5
24,8,2022-07-01 07:00:00,3,16,1,2.5
0,8,2022-07-01 07:00:00,3,16,0,0.0
1,8,2022-07-01 07:00:00,2,16,0,0.5
2,8,2022-07-01 07:00:00,1,16,0,0.5
3,8,2022-07-01 07:00:00,1,17,1,2.5
0,8,2022-07-01 07:00:00,1,17,0,0.0
1,8,2022-07-01 07:00:00,2,17,0,0.5
2,8,2022-07-01 07:00:00,3,17,0,0.5
3,8,2022-07-01 07:00:00,4,17,0,0.5
4,8,2022-07-01 07:00:00,5,17,0,0.5
5,8,2022-07-01 07:00:00,6,17,0,0.5
6,8,2022-07-01 07:00:00,6,16,0,0.5
7,8,2022-07-01 07:00:00,6,15,0,0.5
8,8,2022-07-01 07:00:00,6,14,0,0.5
9,8,2022-07-01 07:00:00,6,13,0,0.5
10,8,2022-07-01 07:00:00,6,12,0,0.5
11,8,2022-07-01 07:00:00,6,11,0,0.5
12,8,2022-07-01 07:00:00,6,10,0,0.5
0,9,2022-07-01 08:00:00,6,10,0,0.0
1,9,2022-07-01 08:00:00,5,10,-20,40.5
0,9,2022-07-01 08:00:00,5,10,0,0.0
1,9,2022-07-01 08:00:00,6,10,0,0.5
2,9,2022-07-01 08:00:00,7,10,0,0.5
3,9,2022-07-01 08:00:00,8,10,0,0.5
4,9,2022-07-01 08:00:00,9,10,0,0.5
5,9,2022-07-01 08:00:00,10,10,0,0.5
6,9,2022-07-01 08:00:00,11,10,0,0.5
7,9,2022-07-01 08:00:00,11,9,0,0.5
8,9,2022-07-01 08:00:00,11,8,0,0.5
9,9,2022-07-01 08:00:00,11,7,1,2.5
0,9,2022-07-01 08:00:00,11,7,0,0.0
1,9,2022-07-01 08:00:00,10,7,0,0.5
2,9,2022-07-01 08:00:00,9,7,0,0.5
3,9,2022-07-01 08:00:00,8,7,0,0.5
4,9,2022-07-01 08:00:00,8,6,0,0.5
5,9,2022-07-01 08:00:00,8,5,0,0.5
6,9,2022-07-01 08:00:00,8,4,1,2.5
0,9,2022-07-01 08:00:00,8,4,0,0.0
1,9,2022-07-01 08:00:00,9,4,0,0.5
2,9,2022-07-01 08:00:00,9,3,0,0.5
3,9,2022-07-01 08:00:00,9,2,2,4.5
0,9,2022-07-01 08:00:00,9,2,0,0.0
1,9,2022-07-01 08:00:00,10,2,0,0.5
2,9,2022-07-01 08:00:00,11,2,0,0.5
3,9,2022-07-01 08:00:00,12,2,0,0.5
4,9,2022-07-01 08:00:00,13,2,0,0.5
5,9,2022-07-01 08:00:00,14,2,0,0.5
6,9,2022-07-01 09:00:00,15,2,0,0.5
7,9,2022-07-01 09:00:00,16,2,0,0.5
8,9,2022-07-01 09:00:00,17,2,0,0.5
9,9,2022-07-01 09:00:00,18,2,0,0.5
10,9,2022-07-01 09:00:00,19,2,0,0.5
11,9,2022-07-01 09:00:00,20,2,0,0.5
12,9,2022-07-01 09:00:00,20,3,0,0.5
13,9,2022-07-01 09:00:00,20,4,0,0.5
14,9,2022-07-01 09:00:00,20,5,0,0.5
15,9,2022-07-01 09:00:00,20,6,0,0.5
16,9,2022-07-01 09:00:00,20,7,0,0.5
17,9,2022-07-01 09:00:00,20,8,0,0.5
18,9,2022-07-01 09:00:00,20,9,0,0.5
19,9,2022-07-01 09:00:00,20,10,1,2.5
0,9,2022-07-01 09:00:00,20,10,0,0.0
1,9,2022-07-01 09:00:00,21,10,0,0.5
2,9,2022-07-01 09:00:00,22,10,0,0.5
3,9,2022-07-01 09:00:00,23,10,0,0.5
4,9,2022-07-01 09:00:00,24,10,0,0.5
5,9,2022-07-01 09:00:00,24,9,1,2.5
0,9,2022-07-01 09:00:00,24,9,0,0.0
1,9,2022-07-01 09:00:00,25,9,2,4.5
0,9,2022-07-01 09:00:00,25,9,0,0.0
1,9,2022-07-01 09:00:00,24,9,0,0.5
2,9,2022-07-01 09:00:00,23,9,0,0.5
3,9,2022-07-01 09:00:00,22,9,0,0.5
4,9,2022-07-01 09:00:00,21,9,0,0.5
5,9,2022-07-01 09:00:00,20,9,0,0.5
6,9,2022-07-01 09:00:00,19,9,0,0.5
7,9,2022-07-01 09:00:00,18,9,0,0.5
8,9,2022-07-01 09:00:00,17,9,0,0.5
9,9,2022-07-01 09:00:00,16,9,0,0.5
10,9,2022-07-01 09:00:00,15,9,0,0.5
11,9,2022-07-01 09:00:00,14,9,0,0.5
12,9,2022-07-01 09:00:00,13,9,0,0.5
13,9,2022-07-01 09:00:00,12,9,0,0.5
14,9,2022-07-01 09:00:00,11,9,0,0.5
15,9,2022-07-01 09:00:00,10,9,0,0.5
16,9,2022-07-01 09:00:00,9,9,0,0.5
17,9,2022-07-01 09:00:00,8,9,0,0.5
18,9,2022-07-01 09:00:00,7,9,0,0.5
19,9,2022-07-01 09:00:00,6,9,0,0.5
20,9,2022-07-01 09:00:00,5,9,0,0.5
21,9,2022-07-01 09:00:00,4,9,0,0.5
22,9,2022-07-01 09:00:00,3,9,0,0.5
23,9,2022-07-01 09:00:00,2,9,0,0.5
24,9,2022-07-01 09:00:00,1,9,0,0.5
25,9,2022-07-01 09:00:00,0,9,0,0.5
26,9,2022-07-01 09:00:00,0,10,0,0.5
27,9,2022-07-01 09:00:00,0,11,0,0.5
28,9,2022-07-01 09:00:00,0,12,0,0.5
29,9,2022-07-01 09:00:00,0,13,0,0.5
30,9,2022-07-01 09:00:00,0,14,1,2.5
0,9,2022-07-01 09:00:00,0,14,0,0.0
1,9,2022-07-01 09:00:00,1,14,0,0.5
2,9,2022-07-01 09:00:00,2,14,0,0.5
3,9,2022-07-01 09:00:00,3,14,0,0.5
4,9,2022-07-01 09:00:00,3,15,0,0.5
5,9,2022-07-01 09:00:00,3,16,0,0.5
6,9,2022-07-01 09:00:00,3,17,1,2.5
0,9,2022-07-01 09:00:00,3,17,0,0.0
1,9,2022-07-01 09:00:00,4,17,0,0.5
2,9,2022-07-01 09:00:00,5,17,0,0.5
3,9,2022-07-01 09:00:00,6,17,0,0.5
4,9,2022-07-01 09:00:00,6,16,0,0.5
5,9,2022-07-01 09:00:00,6,15,0,0.5
6,9,2022-07-01 09:00:00,6,14,0,0.5
7,9,2022-07-01 09:00:00,6,13,0,0.5
8,9,2022-07-01 09:00:00,6,12,0,0.5
9,9,2022-07-01 09:00:00,6,11,0,0.5
10,9,2022-07-01 09:00:00,6,10,0,0.5
0,10,2022-07-01 09:00:00,6,10,1,2.0
0,10,2022-07-01 09:00:00,6,10,0,0.0
1,10,2022-07-01 09:00:00,7,10,0,0.5
2,10,2022-07-01 09:00:00,8,10,0,0.5
3,10,2022-07-01 09:00:00,9,10,0,0.5
4,10,2022-07-01 09:00:00,10,10,0,0.5
5,10,2022-07-01 09:00:00,11,10,0,0.5
6,10,2022-07-01 09:00:00,11,9,0,0.5
7,10,2022-07-01 09:00:00,11,8,1,2.5
0,10,2022-07-01 09:00:00,11,8,0,0.0
1,10,2022-07-01 09:00:00,12,8,0,0.5
2,10,2022-07-01 09:00:00,13,8,0,0.5
3,10,2022-07-01 09:00:00,14,8,0,0.5
4,10,2022-07-01 09:00:00,14,9,1,2.5
0,10,2022-07-01 09:00:00,14,9,0,0.0
1,10,2022-07-01 09:00:00,15,9,0,0.5
2,10,2022-07-01 09:00:00,16,9,0,0.5
3,10,2022-07-01 09:00:00,17,9,1,2.5
0,10,2022-07-01 09:00:00,17,9,0,0.0
1,10,2022-07-01 09:00:00,16,9,0,0.5
2,10,2022-07-01 09:00:00,15,9,0,0.5
3,10,2022-07-01 09:00:00,14,9,0,0.5
4,10,2022-07-01 09:00:00,13,9,0,0.5
5,10,2022-07-01 09:00:00,12,9,0,0.5
6,10,2022-07-01 09:00:00,11,9,0,0.5
7,10,2022-07-01 09:00:00,10,9,0,0.5
8,10,2022-07-01 09:00:00,10,10,0,0.5
9,10,2022-07-01 09:00:00,10,11,0,0.5
10,10,2022-07-01 09:00:00,10,12,0,0.5
11,10,2022-07-01 09:00:00,10,13,0,0.5
12,10,2022-07-01 09:00:00,10,14,1,2.5
0,10,2022-07-01 09:00:00,10,14,0,0.0
1,10,2022-07-01 09:00:00,9,14,1,2.5
0,10,2022-07-01 09:00:00,9,14,0,0.0
1,10,2022-07-01 09:00:00,8,14,0,0.5
2,10,2022-07-01 09:00:00,7,14,0,0.5
3,10,2022-07-01 09:00:00,6,14,0,0.5
4,10,2022-07-01 09:00:00,5,14,0,0.5
5,10,2022-07-01 09:00:00,4,14,0,0.5
6,10,2022-07-01 09:00:00,3,14,0,0.5
7,10,2022-07-01 09:00:00,2,14,0,0.5
8,10,2022-07-01 09:00:00,1,14,0,0.5
9,10,2022-07-01 09:00:00,0,14,0,0.5
10,10,2022-07-01 09:00:00,0,13,1,2.5
0,10,2022-07-01 09:00:00,0,13,0,0.0
1,10,2022-07-01 09:00:00,1,13,0,0.5
2,10,2022-07-01 09:00:00,2,13,0,0.5
3,10,2022-07-01 09:00:00,3,13,0,0.5
4,10,2022-07-01 09:00:00,4,13,0,0.5
5,10,2022-07-01 09:00:00,5,13,0,0.5
6,10,2022-07-01 09:00:00,6,13,0,0.5
7,10,2022-07-01 09:00:00,7,13,0,0.5
8,10,2022-07-01 09:00:00,8,13,0,0.5
9,10,2022-07-01 09:00:00,8,12,0,0.5
10,10,2022-07-01 09:00:00,8,11,0,0.5
11,10,2022-07-01 09:00:00,8,10,0,0.5
12,10,2022-07-01 09:00:00,8,9,0,0.5
13,10,2022-07-01 09:00:00,8,8,0,0.5
14,10,2022-07-01 09:00:00,8,7,0,0.5
15,10,2022-07-01 09:00:00,8,6,0,0.5
16,10,2022-07-01 09:00:00,8,5,0,0.5
17,10,2022-07-01 09:00:00,8,4,2,4.5
0,10,2022-07-01 09:00:00,8,4,0,0.0
1,10,2022-07-01 09:00:00,9,4,0,0.5
2,10,2022-07-01 09:00:00,10,4,0,0.5
3,10,2022-07-01 09:00:00,10,3,0,0.5
4,10,2022-07-01 09:00:00,10,2,0,0.5
5,10,2022-07-01 09:00:00,10,1,1,2.5
0,10,2022-07-01 09:00:00,10,1,0,0.0
1,10,2022-07-01 09:00:00,9,1,0,0.5
2,10,2022-07-01 09:00:00,8,1,0,0.5
3,10,2022-07-01 09:00:00,7,1,0,0.5
4,10,2022-07-01 09:00:00,6,1,0,0.5
5,10,2022-07-01 09:00:00,6,2,0,0.5
6,10,2022-07-01 09:00:00,6,3,0,0.5
7,10,2022-07-01 09:00:00,6,4,0,0.5
8,10,2022-07-01 09:00:00,6,5,0,0.5
9,10,2022-07-01 09:00:00,6,6,0,0.5
10,10,2022-07-01 09:00:00,6,7,0,0.5
11,10,2022-07-01 09:00:00,6,8,0,0.5
12,10,2022-07-01 09:00:00,6,9,0,0.5
13,10,2022-07-01 09:00:00,6,10,0,0.5
0,11,2022-07-01 10:00:00,6,10,0,0.0
1,11,2022-07-01 10:00:00,5,10,-6,12.5
0,11,2022-07-01 10:00:00,5,10,0,0.0
1,11,2022-07-01 10:00:00,6,10,1,2.5
0,11,2022-07-01 10:00:00,6,10,0,0.0
1,11,2022-07-01 10:00:00,7,10,0,0.5
2,11,2022-07-01 10:00:00,8,10,0,0.5
3,11,2022-07-01 10:00:00,9,10,0,0.5
4,11,2022-07-01 10:00:00,10,10,0,0.5
5,11,2022-07-01 10:00:00,10,9,0,0.5
6,11,2022-07-01 10:00:00,10,8,1,2.5
0,11,2022-07-01 10:00:00,10,8,0,0.0
1,11,2022-07-01 10:00:00,10,7,0,0.5
2,11,2022-07-01 10:00:00,10,6,0,0.5
3,11,2022-07-01 10:00:00,10,5,0,0.5
4,11,2022-07-01 10:00:00,10,4,1,2.5
0,11,2022-07-01 10:00:00,10,4,0,0.0
1,11,2022-07-01 10:00:00,10,3,1,2.5
0,11,2022-07-01 10:00:00,10,3,0,0.0
1,11,2022-07-01 10:00:00,10,2,1,2.5
0,11,2022-07-01 10:00:00,10,2,0,0.0
1,11,2022-07-01 10:00:00,11,2,0,0.5
2,11,2022-07-01 10:00:00,12,2,0,0.5
3,11,2022-07-01 10:00:00,13,2,0,0.5
4,11,2022-07-01 10:00:00,14,2,0,0.5
5,11,2022-07-01 10:00:00,15,2,0,0.5
6,11,2022-07-01 10:00:00,16,2,0,0.5
7,11,2022-07-01 10:00:00,16,3,0,0.5
8,11,2022-07-01 10:00:00,16,4,0,0.5
9,11,2022-07-01 10:00:00,16,5,0,0.5
10,11,2022-07-01 10:00:00,16,6,0,0.5
11,11,2022-07-01 10:00:00,16,7,0,0.5
12,11,2022-07-01 10:00:00,16,8,1,2.5
0,11,2022-07-01 10:00:00,16,8,0,0.0
1,11,2022-07-01 10:00:00,17,8,-1,2.5
0,11,2022-07-01 10:00:00,17,8,0,0.0
1,11,2022-07-01 10:00:00,18,8,0,0.5
2,11,2022-07-01 10:00:00,19,8,0,0.5
3,11,2022-07-01 10:00:00,20,8,0,0.5
4,11,2022-07-01 10:00:00,21,8,0,0.5
5,11,2022-07-01 10:00:00,22,8,0,0.5
6,11,2022-07-01 10:00:00,23,8,1,2.5
0,11,2022-07-01 10:00:00,23,8,0,0.0
1,11,2022-07-01 11:00:00,23,9,-11,22.5
0,11,2022-07-01 11:00:00,23,9,0,0.0
1,11,2022-07-01 11:00:00,24,9,0,0.5
2,11,2022-07-01 11:00:00,24,8,1,2.5
0,11,2022-07-01 11:00:00,24,8,0,0.0
1,11,2022-07-01 11:00:00,23,8,0,0.5
2,11,2022-07-01 11:00:00,22,8,0,0.5
3,11,2022-07-01 11:00:00,21,8,0,0.5
4,11,2022-07-01 11:00:00,20,8,0,0.5
5,11,2022-07-01 11:00:00,19,8,0,0.5
6,11,2022-07-01 11:00:00,18,8,0,0.5
7,11,2022-07-01 11:00:00,17,8,0,0.5
8,11,2022-07-01 11:00:00,16,8,0,0.5
9,11,2022-07-01 11:00:00,15,8,0,0.5
10,11,2022-07-01 11:00:00,14,8,0,0.5
11,11,2022-07-01 11:00:00,13,8,0,0.5
12,11,2022-07-01 11:00:00,12,8,0,0.5
13,11,2022-07-01 11:00:00,11,8,0,0.5
14,11,2022-07-01 11:00:00,10,8,0,0.5
15,11,2022-07-01 11:00:00,9,8,0,0.5
16,11,2022-07-01 11:00:00,8,8,0,0.5
17,11,2022-07-01 11:00:00,7,8,0,0.5
18,11,2022-07-01 11:00:00,6,8,0,0.5
19,11,2022-07-01 11:00:00,6,9,0,0.5
20,11,2022-07-01 11:00:00,6,10,0,0.5
0,12,2022-07-01 11:00:00,6,10,0,0.0
1,12,2022-07-01 11:00:00,7,10,0,0.5
2,12,2022-07-01 11:00:00,8,10,0,0.5
3,12,2022-07-01 11:00:00,8,11,0,0.5
4,12,2022-07-01 11:00:00,8,12,1,2.5
0,12,2022-07-01 11:00:00,8,12,0,0.0
1,12,2022-07-01 11:00:00,8,13,1,2.5
0,12,2022-07-01 11:00:00,8,13,0,0.0
1,12,2022-07-01 11:00:00,9,13,0,0.5
2,12,2022-07-01 11:00:00,9,12,0,0.5
3,12,2022-07-01 11:00:00,9,11,0,0.5
4,12,2022-07-01 11:00:00,9,10,0,0.5
5,12,2022-07-01 11:00:00,9,9,0,0.5
6,12,2022-07-01 11:00:00,9,8,0,0.5
7,12,2022-07-01 11:00:00,9,7,0,0.5
8,12,2022-07-01 11:00:00,9,6,0,0.5
9,12,2022-07-01 11:00:00,9,5,0,0.5
10,12,2022-07-01 11:00:00,9,4,0,0.5
11,12,2022-07-01 11:00:00,9,3,1,2.5
0,12,2022-07-01 11:00:00,9,3,0,0.0
1,12,2022-07-01 11:00:00,10,3,0,0.5
2,12,2022-07-01 11:00:00,11,3,0,0.5
3,12,2022-07-01 11:00:00,12,3,0,0.5
4,12,2022-07-01 11:00:00,13,3,0,0.5
5,12,2022-07-01 11:00:00,14,3,0,0.5
6,12,2022-07-01 11:00:00,15,3,0,0.5
7,12,2022-07-01 11:00:00,16,3,0,0.5
8,12,2022-07-01 11:00:00,17,3,0,0.5
9,12,2022-07-01 11:00:00,18,3,0,0.5
10,12,2022-07-01 11:00:00,19,3,0,0.5
11,12,2022-07-01 11:00:00,20,3,0,0.5
12,12,2022-07-01 11:00:00,20,4,0,0.5
13,12,2022-07-01 11:00:00,20,5,0,0.5
14,12,2022-07-01 11:00:00,20,6,0,0.5
15,12,2022-07-01 11:00:00,20,7,0,0.5
16,12,2022-07-01 11:00:00,20,8,0,0.5
17,12,2022-07-01 11:00:00,20,9,1,2.5
0,12,2022-07-01 11:00:00,20,9,0,0.0
1,12,2022-07-01 11:00:00,19,9,0,0.5
2,12,2022-07-01 11:00:00,18,9,0,0.5
3,12,2022-07-01 11:00:00,17,9,0,0.5
4,12,2022-07-01 11:00:00,16,9,0,0.5
5,12,2022-07-01 11:00:00,15,9,0,0.5
6,12,2022-07-01 11:00:00,14,9,0,0.5
7,12,2022-07-01 11:00:00,13,9,0,0.5
8,12,2022-07-01 11:00:00,12,9,0,0.5
9,12,2022-07-01 11:00:00,11,9,0,0.5
10,12,2022-07-01 11:00:00,10,9,0,0.5
11,12,2022-07-01 11:00:00,9,9,0,0.5
12,12,2022-07-01 11:00:00,8,9,0,0.5
13,12,2022-07-01 11:00:00,7,9,0,0.5
14,12,2022-07-01 11:00:00,6,9,0,0.5
15,12,2022-07-01 11:00:00,6,10,0,0.5
0,13,2022-07-01 12:00:00,6,10,0,0.0
1,13,2022-07-01 12:00:00,5,10,1,2.5
0,13,2022-07-01 12:00:00,5,10,0,0.0
1,13,2022-07-01 12:00:00,4,10,0,0.5
2,13,2022-07-01 12:00:00,3,10,0,0.5
3,13,2022-07-01 12:00:00,2,10,0,0.5
4,13,2022-07-01 12:00:00,1,10,0,0.5
5,13,2022-07-01 12:00:00,1,11,0,0.5
6,13,2022-07-01 12:00:00,1,12,0,0.5
7,13,2022-07-01 12:00:00,1,13,0,0.5
8,13,2022-07-01 12:00:00,1,14,0,0.5
9,13,2022-07-01 12:00:00,1,15,0,0.5
10,13,2022-07-01 12:00:00,1,16,1,2.5
0,13,2022-07-01 12:00:00,1,16,0,0.0
1,13,2022-07-01 12:00:00,2,16,0,0.5
2,13,2022-07-01 12:00:00,3,16,0,0.5
3,13,2022-07-01 12:00:00,4,16,0,0.5
4,13,2022-07-01 12:00:00,5,16,0,0.5
5,13,2022-07-01 12:00:00,6,16,0,0.5
6,13,2022-07-01 12:00:00,7,16,0,0.5
7,13,2022-07-01 12:00:00,8,16,0,0.5
8,13,2022-07-01 12:00:00,9,16,0,0.5
9,13,2022-07-01 12:00:00,10,16,0,0.5
10,13,2022-07-01 12:00:00,11,16,0,0.5
11,13,2022-07-01 12:00:00,12,16,0,0.5
12,13,2022-07-01 12:00:00,13,16,0,0.5
13,13,2022-07-01 12:00:00,14,16,0,0.5
14,13,2022-07-01 12:00:00,14,15,0,0.5
15,13,2022-07-01 12:00:00,14,14,0,0.5
16,13,2022-07-01 12:00:00,14,13,0,0.5
17,13,2022-07-01 12:00:00,14,12,0,0.5
18,13,2022-07-01 12:00:00,14,11,0,0.5
19,13,2022-07-01 12:00:00,14,10,0,0.5
20,13,2022-07-01 12:00:00,14,9,0,0.5
21,13,2022-07-01 12:00:00,14,8,0,0.5
22,13,2022-07-01 12:00:00,14,7,1,2.5
0,13,2022-07-01 12:00:00,14,7,0,0.0
1,13,2022-07-01 12:00:00,15,7,0,0.5
2,13,2022-07-01 12:00:00,16,7,0,0.5
3,13,2022-07-01 12:00:00,17,7,0,0.5
4,13,2022-07-01 12:00:00,17,8,0,0.5
5,13,2022-07-01 12:00:00,17,9,0,0.5
6,13,2022-07-01 12:00:00,17,10,1,2.5
0,13,2022-07-01 12:00:00,17,10,0,0.0
1,13,2022-07-01 12:00:00,16,10,0,0.5
2,13,2022-07-01 12:00:00,15,10,0,0.5
3,13,2022-07-01 12:00:00,14,10,0,0.5
4,13,2022-07-01 12:00:00,13,10,0,0.5
5,13,2022-07-01 12:00:00,12,10,0,0.5
6,13,2022-07-01 12:00:00,11,10,0,0.5
7,13,2022-07-01 12:00:00,10,10,0,0.5
8,13,2022-07-01 12:00:00,9,10,0,0.5
9,13,2022-07-01 12:00:00,8,10,0,0.5
10,13,2022-07-01 12:00:00,7,10,0,0.5
11,13,2022-07-01 12:00:00,6,10,0,0.5
0,14,2022-07-01 13:00:00,6,10,0,0.0
1,14,2022-07-01 13:00:00,5,10,2,4.5
0,14,2022-07-01 13:00:00,5,10,0,0.0
1,14,2022-07-01 13:00:00,4,10,-10,20.5
0,14,2022-07-01 13:00:00,4,10,0,0.0
1,14,2022-07-01 13:00:00,3,10,0,0.5
2,14,2022-07-01 13:00:00,2,10,0,0.5
3,14,2022-07-01 13:00:00,2,11,0,0.5
4,14,2022-07-01 13:00:00,2,12,0,0.5
5,14,2022-07-01 13:00:00,2,13,0,0.5
6,14,2022-07-01 13:00:00,2,14,0,0.5
7,14,2022-07-01 13:00:00,2,15,1,2.5
0,14,2022-07-01 13:00:00,2,15,0,0.0
1,14,2022-07-01 13:00:00,3,15,0,0.5
2,14,2022-07-01 13:00:00,4,15,0,0.5
3,14,2022-07-01 13:00:00,5,15,0,0.5
4,14,2022-07-01 13:00:00,6,15,0,0.5
5,14,2022-07-01 13:00:00,7,15,0,0.5
6,14,2022-07-01 13:00:00,8,15,0,0.5
7,14,2022-07-01 13:00:00,9,15,0,0.5
8,14,2022-07-01 13:00:00,10,15,0,0.5
9,14,2022-07-01 13:00:00,10,14,0,0.5
10,14,2022-07-01 13:00:00,10,13,0,0.5
11,14,2022-07-01 13:00:00,10,12,0,0.5
12,14,2022-07-01 13:00:00,10,11,0,0.5
13,14,2022-07-01 13:00:00,10,10,0,0.5
14,14,2022-07-01 13:00:00,10,9,0,0.5
15,14,2022-07-01 13:00:00,10,8,0,0.5
16,14,2022-07-01 13:00:00,10,7,0,0.5
17,14,2022-07-01 13:00:00,10,6,0,0.5
18,14,2022-07-01 13:00:00,10,5,0,0.5
19,14,2022-07-01 13:00:00,10,4,0,0.5
20,14,2022-07-01 13:00:00,10,3,0,0.5
21,14,2022-07-01 13:00:00,10,2,0,0.5
22,14,2022-07-01 13:00:00,10,1,0,0.5
23,14,2022-07-01 13:00:00,10,0,2,4.5
0,14,2022-07-01 13:00:00,10,0,0,0.0
1,14,2022-07-01 13:00:00,11,0,0,0.5
2,14,2022-07-01 13:00:00,12,0,0,0.5
3,14,2022-07-01 13:00:00,13,0,0,0.5
4,14,2022-07-01 13:00:00,14,0,0,0.5
5,14,2022-07-01 13:00:00,15,0,0,0.5
6,14,2022-07-01 13:00:00,16,0,0,0.5
7,14,2022-07-01 13:00:00,17,0,0,0.5
8,14,2022-07-01 13:00:00,18,0,0,0.5
9,14,2022-07-01 13:00:00,19,0,0,0.5
10,14,2022-07-01 13:00:00,20,0,0,0.5
11,14,2022-07-01 13:00:00,21,0,0,0.5
12,14,2022-07-01 13:00:00,22,0,0,0.5
13,14,2022-07-01 13:00:00,23,0,0,0.5
14,14,2022-07-01 13:00:00,23,1,0,0.5
15,14,2022-07-01 13:00:00,23,2,0,0.5
16,14,2022-07-01 13:00:00,23,3,0,0.5
17,14,2022-07-01 13:00:00,23,4,0,0.5
18,14,2022-07-01 13:00:00,23,5,0,0.5
19,14,2022-07-01 13:00:00,23,6,0,0.5
20,14,2022-07-01 13:00:00,23,7,0,0.5
21,14,2022-07-01 13:00:00,23,8,0,0.5
22,14,2022-07-01 13:00:00,23,9,1,2.5
0,14,2022-07-01 13:00:00,23,9,0,0.0
1,14,2022-07-01 13:00:00,22,9,0,0.5
2,14,2022-07-01 13:00:00,21,9,0,0.5
3,14,2022-07-01 14:00:00,20,9,0,0.5
4,14,2022-07-01 14:00:00,19,9,0,0.5
5,14,2022-07-01 14:00:00,18,9,0,0.5
6,14,2022-07-01 14:00:00,17,9,0,0.5
7,14,2022-07-01 14:00:00,16,9,0,0.5
8,14,2022-07-01 14:00:00,15,9,0,0.5
9,14,2022-07-01 14:00:00,14,9,0,0.5
10,14,2022-07-01 14:00:00,13,9,0,0.5
11,14,2022-07-01 14:00:00,12,9,0,0.5
12,14,2022-07-01 14:00:00,11,9,0,0.5
13,14,2022-07-01 14:00:00,10,9,0,0.5
14,14,2022-07-01 14:00:00,9,9,0,0.5
15,14,2022-07-01 14:00:00,8,9,0,0.5
16,14,2022-07-01 14:00:00,7,9,0,0.5
17,14,2022-07-01 14:00:00,6,9,0,0.5
18,14,2022-07-01 14:00:00,6,10,0,0.5
0,15,2022-07-01 14:00:00,6,10,0,0.0
1,15,2022-07-01 14:00:00,7,10,0,0.5
2,15,2022-07-01 14:00:00,8,10,0,0.5
3,15,2022-07-01 14:00:00,9,10,0,0.5
4,15,2022-07-01 14:00:00,10,10,0,0.5
5,15,2022-07-01 14:00:00,11,10,0,0.5
6,15,2022-07-01 14:00:00,12,10,0,0.5
7,15,2022-07-01 14:00:00,12,11,0,0.5
8,15,2022-07-01 14:00:00,12,12,1,2.5
0,15,2022-07-01 14:00:00,12,12,0,0.0
1,15,2022-07-01 14:00:00,13,12,0,0.5
2,15,2022-07-01 14:00:00,13,11,0,0.5
3,15,2022-07-01 14:00:00,13,10,0,0.5
4,15,2022-07-01 14:00:00,13,9,0,0.5
5,15,2022-07-01 14:00:00,13,8,0,0.5
6,15,2022-07-01 14:00:00,13,7,0,0.5
7,15,2022-07-01 14:00:00,13,6,0,0.5
8,15,2022-07-01 14:00:00,13,5,0,0.5
9,15,2022-07-01 14:00:00,13,4,0,0.5
10,15,2022-07-01 14:00:00,13,3,0,0.5
11,15,2022-07-01 14:00:00,13,2,1,2.5
0,15,2022-07-01 14:00:00,13,2,0,0.0
1,15,2022-07-01 14:00:00,14,2,0,0.5
2,15,2022-07-01 14:00:00,15,2,0,0.5
3,15,2022-07-01 14:00:00,16,2,0,0.5
4,15,2022-07-01 14:00:00,17,2,0,0.5
5,15,2022-07-01 14:00:00,18,2,0,0.5
6,15,2022-07-01 14:00:00,19,2,0,0.5
7,15,2022-07-01 14:00:00,20,2,0,0.5
8,15,2022-07-01 14:00:00,20,3,0,0.5
9,15,2022-07-01 14:00:00,20,4,0,0.5
10,15,2022-07-01 14:00:00,20,5,0,0.5
11,15,2022-07-01 14:00:00,20,6,0,0.5
12,15,2022-07-01 14:00:00,20,7,0,0.5
13,15,2022-07-01 14:00:00,20,8,1,2.5
0,15,2022-07-01 14:00:00,20,8,0,0.0
1,15,2022-07-01 14:00:00,20,9,1,2.5
0,15,2022-07-01 14:00:00,20,9,0,0.0
1,15,2022-07-01 14:00:00,19,9,0,0.5
2,15,2022-07-01 14:00:00,18,9,0,0.5
3,15,2022-07-01 14:00:00,17,9,0,0.5
4,15,2022-07-01 14:00:00,16,9,0,0.5
5,15,2022-07-01 14:00:00,15,9,0,0.5
6,15,2022-07-01 14:00:00,14,9,0,0.5
7,15,2022-07-01 14:00:00,13,9,0,0.5
8,15,2022-07-01 14:00:00,12,9,0,0.5
9,15,2022-07-01 14:00:00,11,9,0,0.5
10,15,2022-07-01 14:00:00,10,9,0,0.5
11,15,2022-07-01 14:00:00,9,9,0,0.5
12,15,2022-07-01 14:00:00,8,9,0,0.5
13,15,2022-07-01 14:00:00,7,9,0,0.5
14,15,2022-07-01 14:00:00,6,9,0,0.5
15,15,2022-07-01 14:00:00,6,10,0,0.5
0,16,2022-07-01 15:00:00,6,10,0,0.0
1,16,2022-07-01 15:00:00,5,10,0,0.5
2,16,2022-07-01 15:00:00,4,10,0,0.5
3,16,2022-07-01 15:00:00,3,10,0,0.5
4,16,2022-07-01 15:00:00,3,11,0,0.5
5,16,2022-07-01 15:00:00,3,12,0,0.5
6,16,2022-07-01 15:00:00,3,13,0,0.5
7,16,2022-07-01 15:00:00,3,14,0,0.5
8,16,2022-07-01 15:00:00,3,15,1,2.5
0,16,2022-07-01 15:00:00,3,15,0,0.0
1,16,2022-07-01 15:00:00,3,16,0,0.5
2,16,2022-07-01 15:00:00,3,17,1,2.5
0,16,2022-07-01 15:00:00,3,17,0,0.0
1,16,2022-07-01 15:00:00,2,17,-1,2.5
0,16,2022-07-01 15:00:00,2,17,0,0.0
1,16,2022-07-01 15:00:00,3,17,0,0.5
2,16,2022-07-01 15:00:00,4,17,0,0.5
3,16,2022-07-01 15:00:00,5,17,0,0.5
4,16,2022-07-01 15:00:00,6,17,0,0.5
5,16,2022-07-01 15:00:00,7,17,0,0.5
6,16,2022-07-01 15:00:00,8,17,0,0.5
7,16,2022-07-01 15:00:00,9,17,0,0.5
8,16,2022-07-01 15:00:00,10,17,0,0.5
9,16,2022-07-01 15:00:00,11,17,0,0.5
10,16,2022-07-01 15:00:00,12,17,0,0.5
11,16,2022-07-01 15:00:00,13,17,0,0.5
12,16,2022-07-01 15:00:00,14,17,0,0.5
13,16,2022-07-01 15:00:00,15,17,0,0.5
14,16,2022-07-01 15:00:00,15,16,0,0.5
15,16,2022-07-01 15:00:00,15,15,0,0.5
16,16,2022-07-01 15:00:00,15,14,0,0.5
17,16,2022-07-01 15:00:00,15,13,0,0.5
18,16,2022-07-01 15:00:00,15,12,0,0.5
19,16,2022-07-01 15:00:00,15,11,0,0.5
20,16,2022-07-01 15:00:00,15,10,0,0.5
21,16,2022-07-01 15:00:00,15,9,0,0.5
22,16,2022-07-01 15:00:00,15,8,0,0.5
23,16,2022-07-01 15:00:00,15,7,0,0.5
24,16,2022-07-01 15:00:00,15,6,1,2.5
0,16,2022-07-01 15:00:00,15,6,0,0.0
1,16,2022-07-01 15:00:00,14,6,0,0.5
2,16,2022-07-01 15:00:00,13,6,0,0.5
3,16,2022-07-01 15:00:00,12,6,0,0.5
4,16,2022-07-01 15:00:00,11,6,0,0.5
5,16,2022-07-01 15:00:00,10,6,0,0.5
6,16,2022-07-01 15:00:00,9,6,0,0.5
7,16,2022-07-01 15:00:00,8,6,0,0.5
8,16,2022-07-01 15:00:00,7,6,0,0.5
9,16,2022-07-01 15:00:00,6,6,0,0.5
10,16,2022-07-01 15:00:00,6,7,0,0.5
11,16,2022-07-01 15:00:00,6,8,0,0.5
12,16,2022-07-01 15:00:00,6,9,0,0.5
13,16,2022-07-01 15:00:00,6,10,0,0.5
0,17,2022-07-01 16:00:00,6,10,-1,2.0
0,17,2022-07-01 16:00:00,6,10,0,0.0
1,17,2022-07-01 16:00:00,5,10,0,0.5
2,17,2022-07-01 16:00:00,4,10,1,2.5
0,17,2022-07-01 16:00:00,4,10,0,0.0
1,17,2022-07-01 16:00:00,4,11,-20,40.5
0,17,2022-07-01 16:00:00,4,11,0,0.0
1,17,2022-07-01 16:00:00,5,11,0,0.5
2,17,2022-07-01 16:00:00,6,11,0,0.5
3,17,2022-07-01 16:00:00,7,11,0,0.5
4,17,2022-07-01 16:00:00,8,11,0,0.5
5,17,2022-07-01 16:00:00,9,11,0,0.5
6,17,2022-07-01 16:00:00,10,11,0,0.5
7,17,2022-07-01 16:00:00,11,11,0,0.5
8,17,2022-07-01 16:00:00,12,11,0,0.5
9,17,2022-07-01 16:00:00,12,10,0,0.5
10,17,2022-07-01 16:00:00,12,9,1,2.5
0,17,2022-07-01 16:00:00,12,9,0,0.0
1,17,2022-07-01 16:00:00,12,8,0,0.5
2,17,2022-07-01 16:00:00,12,7,0,0.5
3,17,2022-07-01 16:00:00,12,6,0,0.5
4,17,2022-07-01 16:00:00,12,5,0,0.5
5,17,2022-07-01 16:00:00,12,4,2,4.5
0,17,2022-07-01 16:00:00,12,4,0,0.0
1,17,2022-07-01 16:00:00,13,4,0,0.5
2,17,2022-07-01 16:00:00,14,4,0,0.5
3,17,2022-07-01 17:00:00,15,4,0,0.5
4,17,2022-07-01 17:00:00,16,4,0,0.5
5,17,2022-07-01 17:00:00,17,4,0,0.5
6,17,2022-07-01 17:00:00,17,5,0,0.5
7,17,2022-07-01 17:00:00,17,6,0,0.5
8,17,2022-07-01 17:00:00,17,7,0,0.5
9,17,2022-07-01 17:00:00,17,8,1,2.5
0,17,2022-07-01 17:00:00,17,8,0,0.0
1,17,2022-07-01 17:00:00,18,8,0,0.5
2,17,2022-07-01 17:00:00,19,8,0,0.5
3,17,2022-07-01 17:00:00,20,8,0,0.5
4,17,2022-07-01 17:00:00,20,7,1,2.5
0,17,2022-07-01 17:00:00,20,7,0,0.0
1,17,2022-07-01 17:00:00,19,7,0,0.5
2,17,2022-07-01 17:00:00,18,7,0,0.5
3,17,2022-07-01 17:00:00,17,7,0,0.5
4,17,2022-07-01 17:00:00,16,7,0,0.5
5,17,2022-07-01 17:00:00,15,7,0,0.5
6,17,2022-07-01 17:00:00,14,7,0,0.5
7,17,2022-07-01 17:00:00,13,7,0,0.5
8,17,2022-07-01 17:00:00,12,7,0,0.5
9,17,2022-07-01 17:00:00,11,7,0,0.5
10,17,2022-07-01 17:00:00,10,7,0,0.5
11,17,2022-07-01 17:00:00,9,7,0,0.5
12,17,2022-07-01 17:00:00,8,7,0,0.5
13,17,2022-07-01 17:00:00,7,7,0,0.5
14,17,2022-07-01 17:00:00,6,7,0,0.5
15,17,2022-07-01 17:00:00,6,8,0,0.5
16,17,2022-07-01 17:00:00,6,9,0,0.5
17,17,2022-07-01 17:00:00,6,10,0,0.5
0,18,2022-07-01 17:00:00,6,10,0,0.0
1,18,2022-07-01 17:00:00,5,10,0,0.5
2,18,2022-07-01 17:00:00,4,10,1,2.5
0,18,2022-07-01 17:00:00,4,10,0,0.0
1,18,2022-07-01 17:00:00,4,11,0,0.5
2,18,2022-07-01 17:00:00,4,12,0,0.5
3,18,2022-07-01 17:00:00,4,13,1,2.5
0,18,2022-07-01 17:00:00,4,13,0,0.0
1,18,2022-07-01 17:00:00,5,13,0,0.5
2,18,2022-07-01 17:00:00,6,13,0,0.5
3,18,2022-07-01 17:00:00,7,13,0,0.5
4,18,2022-07-01 17:00:00,8,13,0,0.5
5,18,2022-07-01 17:00:00,8,12,0,0.5
6,18,2022-07-01 17:00:00,8,11,0,0.5
7,18,2022-07-01 17:00:00,8,10,0,0.5
8,18,2022-07-01 17:00:00,8,9,0,0.5
9,18,2022-07-01 17:00:00,8,8,0,0.5
10,18,2022-07-01 17:00:00,8,7,0,0.5
11,18,2022-07-01 17:00:00,8,6,0,0.5
12,18,2022-07-01 17:00:00,8,5,1,2.5
0,18,2022-07-01 17:00:00,8,5,0,0.0
1,18,2022-07-01 17:00:00,9,5,0,0.5
2,18,2022-07-01 17:00:00,9,4,0,0.5
3,18,2022-07-01 17:00:00,9,3,0,0.5
4,18,2022-07-01 17:00:00,9,2,0,0.5
5,18,2022-07-01 17:00:00,9,1,1,2.5
0,18,2022-07-01 17:00:00,9,1,0,0.0
1,18,2022-07-01 17:00:00,10,1,0,0.5
2,18,2022-07-01 17:00:00,11,1,0,0.5
3,18,2022-07-01 17:00:00,12,1,0,0.5
4,18,2022-07-01 17:00:00,13,1,0,0.5
5,18,2022-07-01 17:00:00,14,1,0,0.5
6,18,2022-07-01 17:00:00,15,1,0,0.5
7,18,2022-07-01 17:00:00,16,1,0,0.5
8,18,2022-07-01 17:00:00,17,1,0,0.5
9,18,2022-07-01 17:00:00,18,1,0,0.5
10,18,2022-07-01 17:00:00,19,1,0,0.5
11,18,2022-07-01 17:00:00,20,1,0,0.5
12,18,2022-07-01 17:00:00,21,1,0,0.5
13,18,2022-07-01 17:00:00,21,2,0,0.5
14,18,2022-07-01 17:00:00,21,3,0,0.5
15,18,2022-07-01 17:00:00,21,4,0,0.5
16,18,2022-07-01 17:00:00,21,5,0,0.5
17,18,2022-07-01 17:00:00,21,6,0,0.5
18,18,2022-07-01 17:00:00,21,7,0,0.5
19,18,2022-07-01 17:00:00,21,8,1,2.5
0,18,2022-07-01 17:00:00,21,8,0,0.0
1,18,2022-07-01 17:00:00,22,8,0,0.5
2,18,2022-07-01 17:00:00,22,9,0,0.5
3,18,2022-07-01 17:00:00,22,10,1,2.5
0,18,2022-07-01 17:00:00,22,10,0,0.0
1,18,2022-07-01 17:00:00,21,10,0,0.5
2,18,2022-07-01 17:00:00,20,10,0,0.5
3,18,2022-07-01 17:00:00,19,10,0,0.5
4,18,2022-07-01 17:00:00,18,10,0,0.5
5,18,2022-07-01 17:00:00,17,10,0,0.5
6,18,2022-07-01 17:00:00,16,10,0,0.5
7,18,2022-07-01 17:00:00,15,10,0,0.5
8,18,2022-07-01 17:00:00,14,10,0,0.5
9,18,2022-07-01 17:00:00,13,10,0,0.5
10,18,2022-07-01 17:00:00,12,10,0,0.5
11,18,2022-07-01 17:00:00,11,10,0,0.5
12,18,2022-07-01 17:00:00,10,10,0,0.5
13,18,2022-07-01 17:00:00,9,10,0,0.5
14,18,2022-07-01 17:00:00,8,10,0,0.5
15,18,2022-07-01 17:00:00,7,10,0,0.5
16,18,2022-07-01 17:00:00,6,10,0,0.5
0,19,2022-07-01 18:00:00,6,10,-1,2.0
0,19,2022-07-01 18:00:00,6,10,0,0.0
1,19,2022-07-01 18:00:00,5,10,-3,6.5
0,19,2022-07-01 18:00:00,5,10,0,0.0
1,19,2022-07-01 18:00:00,6,10,0,0.5
2,19,2022-07-01 18:00:00,7,10,0,0.5
3,19,2022-07-01 18:00:00,8,10,0,0.5
4,19,2022-07-01 18:00:00,9,10,0,0.5
5,19,2022-07-01 18:00:00,10,10,0,0.5
6,19,2022-07-01 18:00:00,11,10,0,0.5
7,19,2022-07-01 18:00:00,12,10,0,0.5
8,19,2022-07-01 18:00:00,13,10,0,0.5
9,19,2022-07-01 18:00:00,13,9,0,0.5
10,19,2022-07-01 18:00:00,13,8,0,0.5
11,19,2022-07-01 18:00:00,13,7,11,22.5
0,19,2022-07-01 18:00:00,13,7,0,0.0
1,19,2022-07-01 18:00:00,13,6,1,2.5
0,19,2022-07-01 18:00:00,13,6,0,0.0
1,19,2022-07-01 18:00:00,13,5,0,0.5
2,19,2022-07-01 18:00:00,13,4,0,0.5
3,19,2022-07-01 18:00:00,13,3,0,0.5
4,19,2022-07-01 18:00:00,13,2,1,2.5
0,19,2022-07-01 18:00:00,13,2,0,0.0
1,19,2022-07-01 18:00:00,12,2,-3,6.5
0,19,2022-07-01 18:00:00,12,2,0,0.0
1,19,2022-07-01 18:00:00,13,2,0,0.5
2,19,2022-07-01 18:00:00,14,2,0,0.5
3,19,2022-07-01 18:00:00,15,2,0,0.5
4,19,2022-07-01 18:00:00,16,2,0,0.5
5,19,2022-07-01 18:00:00,17,2,0,0.5
6,19,2022-07-01 18:00:00,18,2,0,0.5
7,19,2022-07-01 18:00:00,19,2,0,0.5
8,19,2022-07-01 18:00:00,19,3,0,0.5
9,19,2022-07-01 18:00:00,19,4,0,0.5
10,19,2022-07-01 18:00:00,19,5,0,0.5
11,19,2022-07-01 18:00:00,19,6,0,0.5
12,19,2022-07-01 18:00:00,19,7,0,0.5
13,19,2022-07-01 18:00:00,19,8,0,0.5
14,19,2022-07-01 18:00:00,19,9,0,0.5
15,19,2022-07-01 18:00:00,19,10,1,2.5
0,19,2022-07-01 18:00:00,19,10,0,0.0
1,19,2022-07-01 18:00:00,18,10,0,0.5
2,19,2022-07-01 18:00:00,17,10,0,0.5
3,19,2022-07-01 18:00:00,16,10,0,0.5
4,19,2022-07-01 19:00:00,15,10,0,0.5
5,19,2022-07-01 19:00:00,14,10,0,0.5
6,19,2022-07-01 19:00:00,13,10,0,0.5
7,19,2022-07-01 19:00:00,12,10,0,0.5
8,19,2022-07-01 19:00:00,11,10,0,0.5
9,19,2022-07-01 19:00:00,10,10,0,0.5
10,19,2022-07-01 19:00:00,9,10,0,0.5
11,19,2022-07-01 19:00:00,8,10,0,0.5
12,19,2022-07-01 19:00:00,7,10,0,0.5
13,19,2022-07-01 19:00:00,6,10,0,0.5
0,21,2022-07-01 20:00:00,6,10,0,0.0
1,21,2022-07-01 20:00:00,6,9,-20,40.5
0,21,2022-07-01 20:00:00,6,9,0,0.0
1,21,2022-07-01 20:00:00,7,9,0,0.5
2,21,2022-07-01 20:00:00,8,9,0,0.5
3,21,2022-07-01 20:00:00,9,9,0,0.5
4,21,2022-07-01 20:00:00,10,9,0,0.5
5,21,2022-07-01 20:00:00,11,9,0,0.5
6,21,2022-07-01 20:00:00,12,9,0,0.5
7,21,2022-07-01 20:00:00,12,8,2,4.5
0,21,2022-07-01 20:00:00,12,8,0,0.0
1,21,2022-07-01 20:00:00,13,8,1,2.5
0,21,2022-07-01 20:00:00,13,8,0,0.0
1,21,2022-07-01 20:00:00,12,8,0,0.5
2,21,2022-07-01 20:00:00,12,7,1,2.5
0,21,2022-07-01 20:00:00,12,7,0,0.0
1,21,2022-07-01 20:00:00,12,6,0,0.5
2,21,2022-07-01 20:00:00,12,5,0,0.5
3,21,2022-07-01 20:00:00,12,4,0,0.5
4,21,2022-07-01 20:00:00,12,3,0,0.5
5,21,2022-07-01 20:00:00,12,2,1,2.5
0,21,2022-07-01 20:00:00,12,2,0,0.0
1,21,2022-07-01 21:00:00,12,1,1,2.5
0,21,2022-07-01 21:00:00,12,1,0,0.0
1,21,2022-07-01 21:00:00,13,1,0,0.5
2,21,2022-07-01 21:00:00,14,1,0,0.5
3,21,2022-07-01 21:00:00,15,1,0,0.5
4,21,2022-07-01 21:00:00,16,1,0,0.5
5,21,2022-07-01 21:00:00,17,1,0,0.5
6,21,2022-07-01 21:00:00,18,1,0,0.5
7,21,2022-07-01 21:00:00,19,1,0,0.5
8,21,2022-07-01 21:00:00,19,2,0,0.5
9,21,2022-07-01 21:00:00,19,3,0,0.5
10,21,2022-07-01 21:00:00,19,4,0,0.5
11,21,2022-07-01 21:00:00,19,5,0,0.5
12,21,2022-07-01 21:00:00,19,6,0,0.5
13,21,2022-07-01 21:00:00,19,7,0,0.5
14,21,2022-07-01 21:00:00,19,8,0,0.5
15,21,2022-07-01 21:00:00,19,9,1,2.5
0,21,2022-07-01 21:00:00,19,9,0,0.0
1,21,2022-07-01 21:00:00,18,9,0,0.5
2,21,2022-07-01 21:00:00,17,9,0,0.5
3,21,2022-07-01 21:00:00,16,9,0,0.5
4,21,2022-07-01 21:00:00,15,9,0,0.5
5,21,2022-07-01 21:00:00,14,9,0,0.5
6,21,2022-07-01 21:00:00,13,9,0,0.5
7,21,2022-07-01 21:00:00,12,9,0,0.5
8,21,2022-07-01 21:00:00,11,9,0,0.5
9,21,2022-07-01 21:00:00,10,9,0,0.5
10,21,2022-07-01 21:00:00,9,9,0,0.5
11,21,2022-07-01 21:00:00,8,9,0,0.5
12,21,2022-07-01 21:00:00,7,9,0,0.5
13,21,2022-07-01 21:00:00,6,9,0,0.5
14,21,2022-07-01 21:00:00,5,9,0,0.5
15,21,2022-07-01 21:00:00,4,9,0,0.5
16,21,2022-07-01 21:00:00,3,9,0,0.5
17,21,2022-07-01 21:00:00,2,9,0,0.5
18,21,2022-07-01 21:00:00,1,9,0,0.5
19,21,2022-07-01 21:00:00,1,10,0,0.5
20,21,2022-07-01 21:00:00,1,11,0,0.5
21,21,2022-07-01 21:00:00,1,12,0,0.5
22,21,2022-07-01 21:00:00,1,13,0,0.5
23,21,2022-07-01 21:00:00,1,14,1,2.5
0,21,2022-07-01 21:00:00,1,14,0,0.0
1,21,2022-07-01 21:00:00,1,15,2,4.5
0,21,2022-07-01 21:00:00,1,15,0,0.0
1,21,2022-07-01 21:00:00,0,15,1,2.5
0,21,2022-07-01 21:00:00,0,15,0,0.0
1,21,2022-07-01 21:00:00,1,15,0,0.5
2,21,2022-07-01 21:00:00,1,16,0,0.5
3,21,2022-07-01 21:00:00,1,17,1,2.5
0,21,2022-07-01 21:00:00,1,17,0,0.0
1,21,2022-07-01 21:00:00,2,17,1,2.5
0,21,2022-07-01 21:00:00,2,17,0,0.0
1,21,2022-07-01 21:00:00,3,17,0,0.5
2,21,2022-07-01 21:00:00,4,17,0,0.5
3,21,2022-07-01 21:00:00,5,17,0,0.5
4,21,2022-07-01 21:00:00,6,17,0,0.5
5,21,2022-07-01 21:00:00,6,16,0,0.5
6,21,2022-07-01 21:00:00,6,15,0,0.5
7,21,2022-07-01 21:00:00,6,14,0,0.5
8,21,2022-07-01 21:00:00,6,13,0,0.5
9,21,2022-07-01 21:00:00,6,12,0,0.5
10,21,2022-07-01 21:00:00,6,11,0,0.5
11,21,2022-07-01 21:00:00,6,10,0,0.5
0,22,2022-07-01 21:00:00,6,10,0,0.0
1,22,2022-07-01 21:00:00,5,10,0,0.5
2,22,2022-07-01 21:00:00,4,10,0,0.5
3,22,2022-07-01 21:00:00,4,11,0,0.5
4,22,2022-07-01 21:00:00,4,12,0,0.5
5,22,2022-07-01 21:00:00,4,13,1,2.5
0,22,2022-07-01 21:00:00,4,13,0,0.0
1,22,2022-07-01 21:00:00,5,13,0,0.5
2,22,2022-07-01 21:00:00,6,13,0,0.5
3,22,2022-07-01 21:00:00,7,13,0,0.5
4,22,2022-07-01 21:00:00,8,13,0,0.5
5,22,2022-07-01 21:00:00,9,13,0,0.5
6,22,2022-07-01 21:00:00,10,13,0,0.5
7,22,2022-07-01 21:00:00,11,13,0,0.5
8,22,2022-07-01 21:00:00,12,13,0,0.5
9,22,2022-07-01 21:00:00,12,12,0,0.5
10,22,2022-07-01 21:00:00,12,11,0,0.5
11,22,2022-07-01 21:00:00,12,10,0,0.5
12,22,2022-07-01 21:00:00,12,9,0,0.5
13,22,2022-07-01 21:00:00,12,8,2,4.5
0,22,2022-07-01 21:00:00,12,8,0,0.0
1,22,2022-07-01 21:00:00,13,8,0,0.5
2,22,2022-07-01 21:00:00,14,8,3,6.5
0,22,2022-07-01 21:00:00,14,8,0,0.0
1,22,2022-07-01 21:00:00,14,9,-1,2.5
0,22,2022-07-01 21:00:00,14,9,0,0.0
1,22,2022-07-01 21:00:00,15,9,0,0.5
2,22,2022-07-01 21:00:00,16,9,0,0.5
3,22,2022-07-01 21:00:00,17,9,0,0.5
4,22,2022-07-01 21:00:00,17,8,2,4.5
0,22,2022-07-01 21:00:00,17,8,0,0.0
1,22,2022-07-01 21:00:00,16,8,-1,2.5
0,22,2022-07-01 21:00:00,16,8,0,0.0
1,22,2022-07-01 21:00:00,15,8,-1,2.5
0,22,2022-07-01 21:00:00,15,8,0,0.0
1,22,2022-07-01 21:00:00,16,8,0,0.5
2,22,2022-07-01 21:00:00,17,8,0,0.5
3,22,2022-07-01 21:00:00,18,8,0,0.5
4,22,2022-07-01 21:00:00,19,8,2,4.5
0,22,2022-07-01 21:00:00,19,8,0,0.0
1,22,2022-07-01 21:00:00,19,7,-1,2.5
0,22,2022-07-01 21:00:00,19,7,0,0.0
1,22,2022-07-01 21:00:00,20,7,0,0.5
2,22,2022-07-01 21:00:00,20,8,1,2.5
0,22,2022-07-01 21:00:00,20,8,0,0.0
1,22,2022-07-01 21:00:00,20,7,-1,2.5
0,22,2022-07-01 21:00:00,20,7,0,0.0
1,22,2022-07-01 21:00:00,19,7,0,0.5
2,22,2022-07-01 21:00:00,18,7,0,0.5
3,22,2022-07-01 21:00:00,17,7,0,0.5
4,22,2022-07-01 21:00:00,16,7,0,0.5
5,22,2022-07-01 21:00:00,15,7,0,0.5
6,22,2022-07-01 21:00:00,14,7,0,0.5
7,22,2022-07-01 21:00:00,13,7,0,0.5
8,22,2022-07-01 21:00:00,12,7,0,0.5
9,22,2022-07-01 21:00:00,11,7,0,0.5
10,22,2022-07-01 21:00:00,11,6,0,0.5
11,22,2022-07-01 21:00:00,11,5,0,0.5
12,22,2022-07-01 21:00:00,11,4,0,0.5
13,22,2022-07-01 21:00:00,11,3,0,0.5
14,22,2022-07-01 21:00:00,11,2,1,2.5
0,22,2022-07-01 21:00:00,11,2,0,0.0
1,22,2022-07-01 21:00:00,10,2,0,0.5
2,22,2022-07-01 21:00:00,9,2,0,0.5
3,22,2022-07-01 21:00:00,8,2,0,0.5
4,22,2022-07-01 22:00:00,7,2,0,0.5
5,22,2022-07-01 22:00:00,6,2,0,0.5
6,22,2022-07-01 22:00:00,6,3,0,0.5
7,22,2022-07-01 22:00:00,6,4,0,0.5
8,22,2022-07-01 22:00:00,6,5,0,0.5
9,22,2022-07-01 22:00:00,6,6,0,0.5
10,22,2022-07-01 22:00:00,6,7,0,0.5
11,22,2022-07-01 22:00:00,6,8,0,0.5
12,22,2022-07-01 22:00:00,6,9,0,0.5
13,22,2022-07-01 22:00:00,6,10,0,0.5
0,24,2022-07-01 23:00:00,6,10,0,0.0
1,24,2022-07-01 23:00:00,6,9,-3,6.5
0,24,2022-07-01 23:00:00,6,9,0,0.0
1,24,2022-07-01 23:00:00,5,9,0,0.5
2,24,2022-07-01 23:00:00,5,10,3,6.5
0,24,2022-07-01 23:00:00,5,10,0,0.0
1,24,2022-07-01 23:00:00,4,10,0,0.5
2,24,2022-07-01 23:00:00,3,10,0,0.5
3,24,2022-07-01 23:00:00,2,10,0,0.5
4,24,2022-07-01 23:00:00,2,11,0,0.5
5,24,2022-07-01 23:00:00,2,12,1,2.5
0,24,2022-07-01 23:00:00,2,12,0,0.0
1,24,2022-07-01 23:00:00,2,13,-2,4.5
0,24,2022-07-01 23:00:00,2,13,0,0.0
1,24,2022-07-01 23:00:00,3,13,0,0.5
2,24,2022-07-01 23:00:00,4,13,0,0.5
3,24,2022-07-01 23:00:00,5,13,0,0.5
4,24,2022-07-01 23:00:00,6,13,0,0.5
5,24,2022-07-01 23:00:00,7,13,0,0.5
6,24,2022-07-01 23:00:00,8,13,0,0.5
7,24,2022-07-01 23:00:00,9,13,0,0.5
8,24,2022-07-01 23:00:00,10,13,0,0.5
9,24,2022-07-01 23:00:00,10,12,0,0.5
10,24,2022-07-01 23:00:00,10,11,1,2.5
0,24,2022-07-01 23:00:00,10,11,0,0.0
1,24,2022-07-01 23:00:00,9,11,0,0.5
2,24,2022-07-01 23:00:00,8,11,0,0.5
3,24,2022-07-01 23:00:00,7,11,0,0.5
4,24,2022-07-01 23:00:00,6,11,0,0.5
5,24,2022-07-01 23:00:00,6,10,0,0.5
0,25,2022-07-02 00:00:00,6,10,0,0.0
1,25,2022-07-02 00:00:00,6,11,-4,8.5
0,25,2022-07-02 00:00:00,6,11,0,0.0
1,25,2022-07-02 00:00:00,5,11,0,0.5
2,25,2022-07-02 00:00:00,5,10,2,4.5
0,25,2022-07-02 00:00:00,5,10,0,0.0
1,25,2022-07-02 00:00:00,6,10,0,0.5
2,25,2022-07-02 00:00:00,7,10,0,0.5
3,25,2022-07-02 00:00:00,8,10,0,0.5
4,25,2022-07-02 00:00:00,9,10,0,0.5
5,25,2022-07-02 00:00:00,10,10,0,0.5
6,25,2022-07-02 00:00:00,11,10,0,0.5
7,25,2022-07-02 00:00:00,12,10,0,0.5
8,25,2022-07-02 00:00:00,13,10,0,0.5
9,25,2022-07-02 00:00:00,13,9,0,0.5
10,25,2022-07-02 00:00:00,13,8,1,2.5
0,25,2022-07-02 00:00:00,13,8,0,0.0
1,25,2022-07-02 00:00:00,12,8,0,0.5
2,25,2022-07-02 00:00:00,12,7,0,0.5
3,25,2022-07-02 00:00:00,12,6,0,0.5
4,25,2022-07-02 00:00:00,12,5,0,0.5
5,25,2022-07-02 00:00:00,12,4,0,0.5
6,25,2022-07-02 00:00:00,12,3,0,0.5
7,25,2022-07-02 00:00:00,12,2,2,4.5
0,25,2022-07-02 00:00:00,12,2,0,0.0
1,25,2022-07-02 00:00:00,11,2,0,0.5
2,25,2022-07-02 00:00:00,10,2,0,0.5
3,25,2022-07-02 00:00:00,9,2,0,0.5
4,25,2022-07-02 00:00:00,8,2,0,0.5
5,25,2022-07-02 00:00:00,7,2,0,0.5
6,25,2022-07-02 00:00:00,6,2,0,0.5
7,25,2022-07-02 00:00:00,6,3,0,0.5
8,25,2022-07-02 00:00:00,6,4,0,0.5
9,25,2022-07-02 00:00:00,6,5,0,0.5
10,25,2022-07-02 00:00:00,6,6,0,0.5
11,25,2022-07-02 00:00:00,6,7,0,0.5
12,25,2022-07-02 00:00:00,6,8,0,0.5
13,25,2022-07-02 00:00:00,6,9,0,0.5
14,25,2022-07-02 00:00:00,6,10,0,0.5
0,26,2022-07-02 01:00:00,6,10,0,0.0
1,26,2022-07-02 01:00:00,5,10,-2,4.5
0,26,2022-07-02 01:00:00,5,10,0,0.0
1,26,2022-07-02 01:00:00,6,10,1,2.5
0,26,2022-07-02 01:00:00,6,10,0,0.0
1,26,2022-07-02 01:00:00,6,11,-1,2.5
0,26,2022-07-02 01:00:00,6,11,0,0.0
1,26,2022-07-02 01:00:00,6,10,0,0.5
2,26,2022-07-02 01:00:00,6,9,2,4.5
0,26,2022-07-02 01:00:00,6,9,0,0.0
1,26,2022-07-02 01:00:00,6,10,0,0.5
0,27,2022-07-02 02:00:00,6,10,-1,2.0
0,27,2022-07-02 02:00:00,6,10,0,0.0
1,27,2022-07-02 02:00:00,6,11,1,2.5
0,27,2022-07-02 02:00:00,6,11,0,0.0
1,27,2022-07-02 02:00:00,5,11,-8,16.5
0,27,2022-07-02 02:00:00,5,11,0,0.0
1,27,2022-07-02 02:00:00,6,11,0,0.5
2,27,2022-07-02 02:00:00,7,11,0,0.5
3,27,2022-07-02 02:00:00,8,11,0,0.5
4,27,2022-07-02 02:00:00,9,11,0,0.5
5,27,2022-07-02 02:00:00,10,11,0,0.5
6,27,2022-07-02 02:00:00,11,11,0,0.5
7,27,2022-07-02 02:00:00,11,10,0,0.5
8,27,2022-07-02 02:00:00,11,9,0,0.5
9,27,2022-07-02 02:00:00,11,8,0,0.5
10,27,2022-07-02 02:00:00,11,7,0,0.5
11,27,2022-07-02 02:00:00,11,6,1,2.5
0,27,2022-07-02 02:00:00,11,6,0,0.0
1,27,2022-07-02 02:00:00,10,6,0,0.5
2,27,2022-07-02 02:00:00,9,6,0,0.5
3,27,2022-07-02 02:00:00,8,6,0,0.5
4,27,2022-07-02 02:00:00,7,6,0,0.5
5,27,2022-07-02 02:00:00,6,6,0,0.5
6,27,2022-07-02 02:00:00,6,7,0,0.5
7,27,2022-07-02 02:00:00,6,8,0,0.5
8,27,2022-07-02 02:00:00,6,9,0,0.5
9,27,2022-07-02 02:00:00,6,10,0,0.5
0,28,2022-07-02 03:00:00,6,10,1,2.0
0,28,2022-07-02 03:00:00,6,10,0,0.0
0,29,2022-07-02 05:00:00,6,10,0,0.0
1,29,2022-07-02 05:00:00,7,10,0,0.5
2,29,2022-07-02 05:00:00,8,10,0,0.5
3,29,2022-07-02 05:00:00,9,10,0,0.5
4,29,2022-07-02 05:00:00,9,9,0,0.5
5,29,2022-07-02 05:00:00,9,8,0,0.5
6,29,2022-07-02 05:00:00,9,7,1,2.5
0,29,2022-07-02 05:00:00,9,7,0,0.0
1,29,2022-07-02 05:00:00,8,7,0,0.5
2,29,2022-07-02 05:00:00,7,7,0,0.5
3,29,2022-07-02 05:00:00,6,7,0,0.5
4,29,2022-07-02 05:00:00,6,8,0,0.5
5,29,2022-07-02 05:00:00,6,9,0,0.5
6,29,2022-07-02 05:00:00,6,10,0,0.5
0,30,2022-07-02 06:00:00,6,10,0,0.0
1,30,2022-07-02 06:00:00,7,10,0,0.5
2,30,2022-07-02 06:00:00,8,10,0,0.5
3,30,2022-07-02 06:00:00,8,9,0,0.5
4,30,2022-07-02 06:00:00,8,8,0,0.5
5,30,2022-07-02 06:00:00,8,7,1,2.5
0,30,2022-07-02 06:00:00,8,7,0,0.0
1,30,2022-07-02 06:00:00,9,7,1,2.5
0,30,2022-07-02 06:00:00,9,7,0,0.0
1,30,2022-07-02 06:00:00,10,7,1,2.5
0,30,2022-07-02 06:00:00,10,7,0,0.0
1,30,2022-07-02 06:00:00,10,8,0,0.5
2,30,2022-07-02 06:00:00,10,9,1,2.5
0,30,2022-07-02 06:00:00,10,9,0,0.0
1,30,2022-07-02 06:00:00,11,9,1,2.5
0,30,2022-07-02 06:00:00,11,9,0,0.0
1,30,2022-07-02 06:00:00,10,9,0,0.5
2,30,2022-07-02 06:00:00,9,9,0,0.5
3,30,2022-07-02 06:00:00,8,9,0,0.5
4,30,2022-07-02 06:00:00,7,9,0,0.5
5,30,2022-07-02 06:00:00,6,9,0,0.5
6,30,2022-07-02 06:00:00,6,10,0,0.5
0,31,2022-07-02 07:00:00,6,10,-1,2.0
0,31,2022-07-02 07:00:00,6,10,0,0.0
1,31,2022-07-02 07:00:00,7,10,0,0.5
2,31,2022-07-02 07:00:00,8,10,0,0.5
3,31,2022-07-02 07:00:00,9,10,0,0.5
4,31,2022-07-02 07:00:00,10,10,0,0.5
5,31,2022-07-02 07:00:00,10,9,0,0.5
6,31,2022-07-02 07:00:00,10,8,0,0.5
7,31,2022-07-02 07:00:00,10,7,0,0.5
8,31,2022-07-02 07:00:00,10,6,1,2.5
0,31,2022-07-02 07:00:00,10,6,0,0.0
1,31,2022-07-02 07:00:00,9,6,0,0.5
2,31,2022-07-02 07:00:00,8,6,0,0.5
3,31,2022-07-02 07:00:00,7,6,0,0.5
4,31,2022-07-02 07:00:00,6,6,0,0.5
5,31,2022-07-02 07:00:00,6,7,0,0.5
6,31,2022-07-02 07:00:00,6,8,0,0.5
7,31,2022-07-02 07:00:00,6,9,0,0.5
8,31,2022-07-02 07:00:00,6,10,0,0.5
0,32,2022-07-02 08:00:00,6,10,0,0.0
1,32,2022-07-02 08:00:00,5,10,-1,2.5
0,32,2022-07-02 08:00:00,5,10,0,0.0
1,32,2022-07-02 08:00:00,4,10,-1,2.5
0,32,2022-07-02 08:00:00,4,10,0,0.0
1,32,2022-07-02 08:00:00,3,10,0,0.5
2,32,2022-07-02 08:00:00,2,10,0,0.5
3,32,2022-07-02 08:00:00,1,10,0,0.5
4,32,2022-07-02 08:00:00,0,10,0,0.5
5,32,2022-07-02 08:00:00,0,11,0,0.5
6,32,2022-07-02 08:00:00,0,12,0,0.5
7,32,2022-07-02 08:00:00,0,13,0,0.5
8,32,2022-07-02 08:00:00,0,14,2,4.5
0,32,2022-07-02 08:00:00,0,14,0,0.0
1,32,2022-07-02 08:00:00,1,14,0,0.5
2,32,2022-07-02 08:00:00,2,14,0,0.5
3,32,2022-07-02 08:00:00,3,14,0,0.5
4,32,2022-07-02 08:00:00,4,14,0,0.5
5,32,2022-07-02 08:00:00,5,14,0,0.5
6,32,2022-07-02 08:00:00,6,14,0,0.5
7,32,2022-07-02 08:00:00,6,13,0,0.5
8,32,2022-07-02 08:00:00,6,12,0,0.5
9,32,2022-07-02 08:00:00,6,11,0,0.5
10,32,2022-07-02 08:00:00,6,10,0,0.5
0,33,2022-07-02 09:00:00,6,10,0,0.0
1,33,2022-07-02 09:00:00,5,10,-2,4.5
0,33,2022-07-02 09:00:00,5,10,0,0.0
1,33,2022-07-02 09:00:00,6,10,1,2.5
0,33,2022-07-02 09:00:00,6,10,0,0.0
1,33,2022-07-02 09:00:00,6,11,1,2.5
0,33,2022-07-02 09:00:00,6,11,0,0.0
1,33,2022-07-02 09:00:00,5,11,-3,6.5
0,33,2022-07-02 09:00:00,5,11,0,0.0
1,33,2022-07-02 09:00:00,4,11,0,0.5
2,33,2022-07-02 09:00:00,4,10,1,2.5
0,33,2022-07-02 09:00:00,4,10,0,0.0
1,33,2022-07-02 09:00:00,5,10,0,0.5
2,33,2022-07-02 09:00:00,6,10,0,0.5
3,33,2022-07-02 09:00:00,7,10,0,0.5
4,33,2022-07-02 09:00:00,8,10,0,0.5
5,33,2022-07-02 09:00:00,9,10,0,0.5
6,33,2022-07-02 09:00:00,10,10,0,0.5
7,33,2022-07-02 09:00:00,11,10,0,0.5
8,33,2022-07-02 09:00:00,12,10,0,0.5
9,33,2022-07-02 09:00:00,13,10,0,0.5
10,33,2022-07-02 09:00:00,14,10,0,0.5
11,33,2022-07-02 09:00:00,15,10,0,0.5
12,33,2022-07-02 09:00:00,16,10,0,0.5
13,33,2022-07-02 09:00:00,17,10,0,0.5
14,33,2022-07-02 09:00:00,17,9,1,2.5
0,33,2022-07-02 09:00:00,17,9,0,0.0
1,33,2022-07-02 09:00:00,16,9,0,0.5
2,33,2022-07-02 09:00:00,15,9,0,0.5
3,33,2022-07-02 09:00:00,14,9,0,0.5
4,33,2022-07-02 09:00:00,13,9,0,0.5
5,33,2022-07-02 09:00:00,12,9,0,0.5
6,33,2022-07-02 09:00:00,11,9,0,0.5
7,33,2022-07-02 09:00:00,10,9,0,0.5
8,33,2022-07-02 09:00:00,9,9,0,0.5
9,33,2022-07-02 09:00:00,8,9,0,0.5
10,33,2022-07-02 09:00:00,7,9,0,0.5
11,33,2022-07-02 09:00:00,6,9,0,0.5
12,33,2022-07-02 09:00:00,6,10,0,0.5
0,34,2022-07-02 10:00:00,6,10,1,2.0
0,34,2022-07-02 10:00:00,6,10,0,0.0
0,35,2022-07-02 12:00:00,6,10,-2,4.0
0,35,2022-07-02 12:00:00,6,10,0,0.0
1,35,2022-07-02 12:00:00,5,10,1,2.5
0,35,2022-07-02 12:00:00,5,10,0,0.0
1,35,2022-07-02 12:00:00,6,10,0,0.5
2,35,2022-07-02 12:00:00,7,10,0,0.5
3,35,2022-07-02 12:00:00,8,10,0,0.5
4,35,2022-07-02 12:00:00,9,10,0,0.5
5,35,2022-07-02 12:00:00,10,10,0,0.5
6,35,2022-07-02 12:00:00,11,10,0,0.5
7,35,2022-07-02 12:00:00,12,10,0,0.5
8,35,2022-07-02 12:00:00,13,10,0,0.5
9,35,2022-07-02 12:00:00,14,10,0,0.5
10,35,2022-07-02 12:00:00,14,9,0,0.5
11,35,2022-07-02 12:00:00,14,8,0,0.5
12,35,2022-07-02 12:00:00,14,7,1,2.5
0,35,2022-07-02 12:00:00,14,7,0,0.0
1,35,2022-07-02 12:00:00,13,7,0,0.5
2,35,2022-07-02 12:00:00,12,7,0,0.5
3,35,2022-07-02 12:00:00,11,7,0,0.5
4,35,2022-07-02 12:00:00,10,7,0,0.5
5,35,2022-07-02 12:00:00,9,7,0,0.5
6,35,2022-07-02 12:00:00,8,7,0,0.5
7,35,2022-07-02 12:00:00,7,7,0,0.5
8,35,2022-07-02 12:00:00,6,7,0,0.5
9,35,2022-07-02 12:00:00,6,8,0,0.5
10,35,2022-07-02 12:00:00,6,9,0,0.5
11,35,2022-07-02 12:00:00,6,10,0,0.5
0,36,2022-07-02 13:00:00,6,10,0,0.0
1,36,2022-07-02 13:00:00,6,9,-2,4.5
0,36,2022-07-02 13:00:00,6,9,0,0.0
1,36,2022-07-02 13:00:00,5,9,0,0.5
2,36,2022-07-02 13:00:00,5,10,2,4.5
0,36,2022-07-02 13:00:00,5,10,0,0.0
1,36,2022-07-02 13:00:00,4,10,-2,4.5
0,36,2022-07-02 13:00:00,4,10,0,0.0
1,36,2022-07-02 13:00:00,3,10,0,0.5
2,36,2022-07-02 13:00:00,2,10,0,0.5
3,36,2022-07-02 13:00:00,2,11,0,0.5
4,36,2022-07-02 13:00:00,2,12,0,0.5
5,36,2022-07-02 13:00:00,2,13,1,2.5
0,36,2022-07-02 13:00:00,2,13,0,0.0
1,36,2022-07-02 13:00:00,3,13,0,0.5
2,36,2022-07-02 13:00:00,4,13,0,0.5
3,36,2022-07-02 13:00:00,5,13,0,0.5
4,36,2022-07-02 13:00:00,6,13,0,0.5
5,36,2022-07-02 13:00:00,6,12,0,0.5
6,36,2022-07-02 13:00:00,6,11,0,0.5
7,36,2022-07-02 13:00:00,6,10,0,0.5
0,37,2022-07-02 16:00:00,6,10,1,2.0
0,37,2022-07-02 16:00:00,6,10,0,0.0
1,37,2022-07-02 16:00:00,5,10,-3,6.5
0,37,2022-07-02 16:00:00,5,10,0,0.0
1,37,2022-07-02 16:00:00,4,10,1,2.5
0,37,2022-07-02 16:00:00,4,10,0,0.0
1,37,2022-07-02 16:00:00,5,10,0,0.5
2,37,2022-07-02 16:00:00,5,11,2,4.5
0,37,2022-07-02 16:00:00,5,11,0,0.0
1,37,2022-07-02 16:00:00,6,11,0,0.5
2,37,2022-07-02 16:00:00,6,10,0,0.5
0,38,2022-07-02 17:00:00,6,10,-1,2.0
0,38,2022-07-02 17:00:00,6,10,0,0.0
1,38,2022-07-02 17:00:00,6,9,1,2.5
0,38,2022-07-02 17:00:00,6,9,0,0.0
1,38,2022-07-02 17:00:00,5,9,-5,10.5
0,38,2022-07-02 17:00:00,5,9,0,0.0
1,38,2022-07-02 17:00:00,6,9,0,0.5
2,38,2022-07-02 17:00:00,6,10,0,0.5
3,38,2022-07-02 17:00:00,6,11,2,4.5
0,38,2022-07-02 17:00:00,6,11,0,0.0
1,38,2022-07-02 17:00:00,5,11,0,0.5
2,38,2022-07-02 17:00:00,4,11,0,0.5
3,38,2022-07-02 17:00:00,4,10,1,2.5
0,38,2022-07-02 17:00:00,4,10,0,0.0
1,38,2022-07-02 17:00:00,5,10,0,0.5
2,38,2022-07-02 17:00:00,6,10,0,0.5
0,39,2022-07-02 18:00:00,6,10,0,0.0
1,39,2022-07-02 18:00:00,6,9,-1,2.5
0,39,2022-07-02 18:00:00,6,9,0,0.0
1,39,2022-07-02 18:00:00,5,9,-1,2.5
0,39,2022-07-02 18:00:00,5,9,0,0.0
1,39,2022-07-02 18:00:00,4,9,-1,2.5
0,39,2022-07-02 18:00:00,4,9,0,0.0
1,39,2022-07-02 18:00:00,4,10,-2,4.5
0,39,2022-07-02 18:00:00,4,10,0,0.0
1,39,2022-07-02 18:00:00,4,11,-2,4.5
0,39,2022-07-02 18:00:00,4,11,0,0.0
1,39,2022-07-02 18:00:00,5,11,0,0.5
2,39,2022-07-02 18:00:00,6,11,0,0.5
3,39,2022-07-02 18:00:00,7,11,0,0.5
4,39,2022-07-02 18:00:00,8,11,0,0.5
5,39,2022-07-02 18:00:00,9,11,0,0.5
6,39,2022-07-02 18:00:00,10,11,0,0.5
7,39,2022-07-02 18:00:00,11,11,0,0.5
8,39,2022-07-02 18:00:00,12,11,0,0.5
9,39,2022-07-02 18:00:00,13,11,0,0.5
10,39,2022-07-02 18:00:00,13,10,0,0.5
11,39,2022-07-02 18:00:00,13,9,0,0.5
12,39,2022-07-02 18:00:00,13,8,0,0.5
13,39,2022-07-02 18:00:00,13,7,8,16.5
0,39,2022-07-02 18:00:00,13,7,0,0.0
1,39,2022-07-02 18:00:00,12,7,0,0.5
2,39,2022-07-02 18:00:00,11,7,0,0.5
3,39,2022-07-02 18:00:00,10,7,0,0.5
4,39,2022-07-02 18:00:00,9,7,0,0.5
5,39,2022-07-02 18:00:00,8,7,0,0.5
6,39,2022-07-02 18:00:00,7,7,0,0.5
7,39,2022-07-02 18:00:00,6,7,0,0.5
8,39,2022-07-02 18:00:00,6,8,0,0.5
9,39,2022-07-02 18:00:00,6,9,0,0.5
10,39,2022-07-02 18:00:00,6,10,0,0.5
0,40,2022-07-02 19:00:00,6,10,0,0.0
1,40,2022-07-02 19:00:00,7,10,0,0.5
2,40,2022-07-02 19:00:00,8,10,0,0.5
3,40,2022-07-02 19:00:00,9,10,0,0.5
4,40,2022-07-02 19:00:00,10,10,0,0.5
5,40,2022-07-02 19:00:00,11,10,0,0.5
6,40,2022-07-02 19:00:00,12,10,0,0.5
7,40,2022-07-02 19:00:00,13,10,0,0.5
8,40,2022-07-02 19:00:00,14,10,0,0.5
9,40,2022-07-02 19:00:00,14,9,1,2.5
0,40,2022-07-02 19:00:00,14,9,0,0.0
1,40,2022-07-02 19:00:00,14,8,-16,32.5
0,40,2022-07-02 19:00:00,14,8,0,0.0
1,40,2022-07-02 19:00:00,13,8,0,0.5
2,40,2022-07-02 20:00:00,13,7,12,24.5
0,40,2022-07-02 20:00:00,13,7,0,0.0
1,40,2022-07-02 20:00:00,12,7,0,0.5
2,40,2022-07-02 20:00:00,11,7,0,0.5
3,40,2022-07-02 20:00:00,10,7,0,0.5
4,40,2022-07-02 20:00:00,9,7,0,0.5
5,40,2022-07-02 20:00:00,8,7,0,0.5
6,40,2022-07-02 20:00:00,7,7,0,0.5
7,40,2022-07-02 20:00:00,6,7,0,0.5
8,40,2022-07-02 20:00:00,6,8,0,0.5
9,40,2022-07-02 20:00:00,6,9,0,0.5
10,40,2022-07-02 20:00:00,6,10,0,0.5
0,41,2022-07-02 21:00:00,6,10,0,0.0
1,41,2022-07-02 21:00:00,7,10,0,0.5
2,41,2022-07-02 21:00:00,8,10,0,0.5
3,41,2022-07-02 21:00:00,9,10,0,0.5
4,41,2022-07-02 21:00:00,10,10,0,0.5
5,41,2022-07-02 21:00:00,11,10,0,0.5
6,41,2022-07-02 21:00:00,12,10,0,0.5
7,41,2022-07-02 21:00:00,13,10,0,0.5
8,41,2022-07-02 21:00:00,14,10,0,0.5
9,41,2022-07-02 21:00:00,14,9,0,0.5
10,41,2022-07-02 21:00:00,14,8,3,6.5
0,41,2022-07-02 21:00:00,14,8,0,0.0
1,41,2022-07-02 21:00:00,13,8,0,0.5
2,41,2022-07-02 21:00:00,12,8,0,0.5
3,41,2022-07-02 21:00:00,11,8,0,0.5
4,41,2022-07-02 21:00:00,10,8,0,0.5
5,41,2022-07-02 21:00:00,9,8,0,0.5
6,41,2022-07-02 21:00:00,8,8,0,0.5
7,41,2022-07-02 21:00:00,7,8,0,0.5
8,41,2022-07-02 21:00:00,6,8,0,0.5
9,41,2022-07-02 21:00:00,6,9,0,0.5
10,41,2022-07-02 21:00:00,6,10,0,0.5
0,42,2022-07-02 22:00:00,6,10,0,0.0
1,42,2022-07-02 22:00:00,6,11,-4,8.5
0,42,2022-07-02 22:00:00,6,11,0,0.0
1,42,2022-07-02 22:00:00,5,11,-2,4.5
0,42,2022-07-02 22:00:00,5,11,0,0.0
1,42,2022-07-02 22:00:00,5,12,-20,40.5
0,42,2022-07-02 22:00:00,5,12,0,0.0
1,42,2022-07-02 22:00:00,6,12,0,0.5
2,42,2022-07-02 22:00:00,7,12,0,0.5
3,42,2022-07-02 22:00:00,8,12,0,0.5
4,42,2022-07-02 22:00:00,9,12,0,0.5
5,42,2022-07-02 22:00:00,10,12,0,0.5
6,42,2022-07-02 22:00:00,11,12,0,0.5
7,42,2022-07-02 22:00:00,12,12,0,0.5
8,42,2022-07-02 22:00:00,13,12,0,0.5
9,42,2022-07-02 22:00:00,14,12,0,0.5
10,42,2022-07-02 22:00:00,14,11,0,0.5
11,42,2022-07-02 22:00:00,14,10,0,0.5
12,42,2022-07-02 22:00:00,14,9,0,0.5
13,42,2022-07-02 23:00:00,14,8,13,26.5
0,42,2022-07-02 23:00:00,14,8,0,0.0
1,42,2022-07-02 23:00:00,13,8,0,0.5
2,42,2022-07-02 23:00:00,12,8,0,0.5
3,42,2022-07-02 23:00:00,11,8,0,0.5
4,42,2022-07-02 23:00:00,10,8,0,0.5
5,42,2022-07-02 23:00:00,9,8,0,0.5
6,42,2022-07-02 23:00:00,8,8,0,0.5
7,42,2022-07-02 23:00:00,7,8,0,0.5
8,42,2022-07-02 23:00:00,6,8,0,0.5
9,42,2022-07-02 23:00:00,6,9,0,0.5
10,42,2022-07-02 23:00:00,6,10,0,0.5
0,43,2022-07-02 23:00:00,6,10,0,0.0
1,43,2022-07-02 23:00:00,5,10,3,6.5
0,43,2022-07-02 23:00:00,5,10,0,0.0
1,43,2022-07-02 23:00:00,5,11,1,2.5
0,43,2022-07-02 23:00:00,5,11,0,0.0
1,43,2022-07-02 23:00:00,4,11,1,2.5
0,43,2022-07-02 23:00:00,4,11,0,0.0
1,43,2022-07-02 23:00:00,5,11,0,0.5
2,43,2022-07-02 23:00:00,5,12,1,2.5
0,43,2022-07-02 23:00:00,5,12,0,0.0
1,43,2022-07-02 23:00:00,6,12,0,0.5
2,43,2022-07-02 23:00:00,6,11,0,0.5
3,43,2022-07-02 23:00:00,6,10,0,0.5
0,44,2022-07-03 00:00:00,6,10,0,0.0
1,44,2022-07-03 00:00:00,5,10,2,4.5
0,44,2022-07-03 00:00:00,5,10,0,0.0
1,44,2022-07-03 00:00:00,5,11,1,2.5
0,44,2022-07-03 00:00:00,5,11,0,0.0
1,44,2022-07-03 00:00:00,4,11,1,2.5
0,44,2022-07-03 00:00:00,4,11,0,0.0
1,44,2022-07-03 00:00:00,5,11,0,0.5
2,44,2022-07-03 00:00:00,6,11,1,2.5
0,44,2022-07-03 00:00:00,6,11,0,0.0
1,44,2022-07-03 00:00:00,6,10,0,0.5
0,45,2022-07-03 01:00:00,6,10,1,2.0
0,45,2022-07-03 01:00:00,6,10,0,0.0
1,45,2022-07-03 01:00:00,6,9,2,4.5
0,45,2022-07-03 01:00:00,6,9,0,0.0
1,45,2022-07-03 01:00:00,6,10,0,0.5
0,46,2022-07-03 02:00:00,6,10,-1,2.0
0,46,2022-07-03 02:00:00,6,10,0,0.0
1,46,2022-07-03 02:00:00,5,10,0,0.5
2,46,2022-07-03 02:00:00,5,11,1,2.5
0,46,2022-07-03 02:00:00,5,11,0,0.0
1,46,2022-07-03 02:00:00,6,11,0,0.5
2,46,2022-07-03 02:00:00,6,10,0,0.5
0,47,2022-07-03 03:00:00,6,10,0,0.0
1,47,2022-07-03 03:00:00,5,10,-3,6.5
0,47,2022-07-03 03:00:00,5,10,0,0.0
1,47,2022-07-03 03:00:00,6,10,1,2.5
0,47,2022-07-03 03:00:00,6,10,0,0.0
0,48,2022-07-03 05:00:00,6,10,0,0.0
1,48,2022-07-03 05:00:00,5,10,0,0.5
2,48,2022-07-03 05:00:00,4,10,0,0.5
3,48,2022-07-03 05:00:00,4,9,1,2.5
0,48,2022-07-03 05:00:00,4,9,0,0.0
1,48,2022-07-03 05:00:00,5,9,0,0.5
2,48,2022-07-03 05:00:00,6,9,0,0.5
3,48,2022-07-03 05:00:00,6,10,0,0.5
0,49,2022-07-03 07:00:00,6,10,0,0.0
1,49,2022-07-03 07:00:00,5,10,0,0.5
2,49,2022-07-03 07:00:00,5,9,1,2.5
0,49,2022-07-03 07:00:00,5,9,0,0.0
1,49,2022-07-03 07:00:00,6,9,0,0.5
2,49,2022-07-03 07:00:00,6,10,0,0.5
0,50,2022-07-03 08:00:00,6,10,-1,2.0
0,50,2022-07-03 08:00:00,6,10,0,0.0
1,50,2022-07-03 08:00:00,5,10,0,0.5
2,50,2022-07-03 08:00:00,4,10,1,2.5
0,50,2022-07-03 08:00:00,4,10,0,0.0
1,50,2022-07-03 08:00:00,5,10,0,0.5
2,50,2022-07-03 08:00:00,6,10,0,0.5
0,51,2022-07-03 09:00:00,6,10,0,0.0
1,51,2022-07-03 09:00:00,5,10,-2,4.5
0,51,2022-07-03 09:00:00,5,10,0,0.0
1,51,2022-07-03 09:00:00,6,10,1,2.5
0,51,2022-07-03 09:00:00,6,10,0,0.0
1,51,2022-07-03 09:00:00,6,11,1,2.5
0,51,2022-07-03 09:00:00,6,11,0,0.0
1,51,2022-07-03 09:00:00,5,11,-3,6.5
0,51,2022-07-03 09:00:00,5,11,0,0.0
1,51,2022-07-03 09:00:00,4,11,0,0.5
2,51,2022-07-03 09:00:00,4,10,1,2.5
0,51,2022-07-03 09:00:00,4,10,0,0.0
1,51,2022-07-03 09:00:00,5,10,0,0.5
2,51,2022-07-03 09:00:00,5,9,1,2.5
0,51,2022-07-03 09:00:00,5,9,0,0.0
1,51,2022-07-03 09:00:00,6,9,0,0.5
2,51,2022-07-03 09:00:00,6,10,0,0.5
0,52,2022-07-03 10:00:00,6,10,1,2.0
0,52,2022-07-03 10:00:00,6,10,0,0.0
0,53,2022-07-03 12:00:00,6,10,-2,4.0
0,53,2022-07-03 12:00:00,6,10,0,0.0
1,53,2022-07-03 12:00:00,5,10,1,2.5
0,53,2022-07-03 12:00:00,5,10,0,0.0
1,53,2022-07-03 12:00:00,6,10,0,0.5
0,54,2022-07-03 13:00:00,6,10,0,0.0
1,54,2022-07-03 13:00:00,6,9,-2,4.5
0,54,2022-07-03 13:00:00,6,9,0,0.0
1,54,2022-07-03 13:00:00,5,9,0,0.5
2,54,2022-07-03 13:00:00,5,10,2,4.5
0,54,2022-07-03 13:00:00,5,10,0,0.0
1,54,2022-07-03 13:00:00,6,10,0,0.5
0,55,2022-07-03 16:00:00,6,10,1,2.0
0,55,2022-07-03 16:00:00,6,10,0,0.0
1,55,2022-07-03 16:00:00,5,10,-3,6.5
0,55,2022-07-03 16:00:00,5,10,0,0.0
1,55,2022-07-03 16:00:00,5,11,2,4.5
0,55,2022-07-03 16:00:00,5,11,0,0.0
1,55,2022-07-03 16:00:00,6,11,0,0.5
2,55,2022-07-03 16:00:00,6,10,0,0.5
0,56,2022-07-03 17:00:00,6,10,0,0.0
1,56,2022-07-03 17:00:00,6,9,1,2.5
0,56,2022-07-03 17:00:00,6,9,0,0.0
1,56,2022-07-03 17:00:00,5,9,-1,2.5
0,56,2022-07-03 17:00:00,5,9,0,0.0
1,56,2022-07-03 17:00:00,4,9,-1,2.5
0,56,2022-07-03 17:00:00,4,9,0,0.0
1,56,2022-07-03 17:00:00,5,9,0,0.5
2,56,2022-07-03 17:00:00,6,9,0,0.5
3,56,2022-07-03 17:00:00,6,10,0,0.5
4,56,2022-07-03 17:00:00,6,11,2,4.5
0,56,2022-07-03 17:00:00,6,11,0,0.0
1,56,2022-07-03 17:00:00,6,10,0,0.5
0,57,2022-07-03 23:00:00,6,10,-1,2.0
0,57,2022-07-03 23:00:00,6,10,0,0.0
1,57,2022-07-03 23:00:00,6,9,-1,2.5
0,57,2022-07-03 23:00:00,6,9,0,0.0
1,57,2022-07-03 23:00:00,5,9,-2,4.5
0,57,2022-07-03 23:00:00,5,9,0,0.0
1,57,2022-07-03 23:00:00,5,10,3,6.5
0,57,2022-07-03 23:00:00,5,10,0,0.0
1,57,2022-07-03 23:00:00,6,10,0,0.5
0,58,2022-07-04 00:00:00,6,10,0,0.0
1,58,2022-07-04 00:00:00,6,11,-3,6.5
0,58,2022-07-04 00:00:00,6,11,0,0.0
1,58,2022-07-04 00:00:00,5,11,0,0.5
2,58,2022-07-04 00:00:00,5,10,2,4.5
0,58,2022-07-04 00:00:00,5,10,0,0.0
1,58,2022-07-04 00:00:00,6,10,0,0.5
0,59,2022-07-04 01:00:00,6,10,1,2.0
0,59,2022-07-04 01:00:00,6,10,0,0.0
1,59,2022-07-04 01:00:00,5,10,-2,4.5
0,59,2022-07-04 01:00:00,5,10,0,0.0
1,59,2022-07-04 01:00:00,6,10,0,0.5
2,59,2022-07-04 01:00:00,6,9,2,4.5
0,59,2022-07-04 01:00:00,6,9,0,0.0
1,59,2022-07-04 01:00:00,6,10,0,0.5
0,60,2022-07-04 02:00:00,6,10,0,0.0
1,60,2022-07-04 02:00:00,5,10,0,0.5
2,60,2022-07-04 02:00:00,5,11,1,2.5
0,60,2022-07-04 02:00:00,5,11,0,0.0
1,60,2022-07-04 02:00:00,6,11,0,0.5
2,60,2022-07-04 02:00:00,6,10,0,0.5
0,61,2022-07-04 05:00:00,6,10,0,0.0
1,61,2022-07-04 05:00:00,5,10,-3,6.5
0,61,2022-07-04 05:00:00,5,10,0,0.0
1,61,2022-07-04 05:00:00,5,9,1,2.5
0,61,2022-07-04 05:00:00,5,9,0,0.0
1,61,2022-07-04 05:00:00,4,9,1,2.5
0,61,2022-07-04 05:00:00,4,9,0,0.0
1,61,2022-07-04 05:00:00,5,9,0,0.5
2,61,2022-07-04 05:00:00,6,9,0,0.5
3,61,2022-07-04 05:00:00,6,10,0,0.5
0,62,2022-07-04 07:00:00,6,10,0,0.0
1,62,2022-07-04 07:00:00,5,10,0,0.5
2,62,2022-07-04 07:00:00,5,9,1,2.5
0,62,2022-07-04 07:00:00,5,9,0,0.0
1,62,2022-07-04 07:00:00,6,9,0,0.5
2,62,2022-07-04 07:00:00,6,10,0,0.5
0,63,2022-07-04 08:00:00,6,10,-1,2.0
0,63,2022-07-04 08:00:00,6,10,0,0.0
1,63,2022-07-04 08:00:00,6,9,-2,4.5
0,63,2022-07-04 08:00:00,6,9,0,0.0
1,63,2022-07-04 08:00:00,5,9,0,0.5
2,63,2022-07-04 08:00:00,5,10,2,4.5
0,63,2022-07-04 08:00:00,5,10,0,0.0
1,63,2022-07-04 08:00:00,6,10,0,0.5
0,64,2022-07-04 09:00:00,6,10,1,2.0
0,64,2022-07-04 09:00:00,6,10,0,0.0
1,64,2022-07-04 09:00:00,5,10,-2,4.5
0,64,2022-07-04 09:00:00,5,10,0,0.0
1,64,2022-07-04 09:00:00,6,10,0,0.5
2,64,2022-07-04 09:00:00,6,9,1,2.5
0,64,2022-07-04 09:00:00,6,9,0,0.0
1,64,2022-07-04 09:00:00,5,9,1,2.5
0,64,2022-07-04 09:00:00,5,9,0,0.0
1,64,2022-07-04 09:00:00,5,8,-1,2.5
0,64,2022-07-04 09:00:00,5,8,0,0.0
1,64,2022-07-04 09:00:00,6,8,0,0.5
2,64,2022-07-04 09:00:00,6,9,0,0.5
3,64,2022-07-04 09:00:00,6,10,0,0.5
4,64,2022-07-04 09:00:00,6,11,1,2.5
0,64,2022-07-04 09:00:00,6,11,0,0.0
1,64,2022-07-04 09:00:00,6,10,0,0.5
0,65,2022-07-04 10:00:00,6,10,0,0.0
1,65,2022-07-04 10:00:00,7,10,-3,6.5
0,65,2022-07-04 10:00:00,7,10,0,0.0
1,65,2022-07-04 10:00:00,6,10,1,2.5
0,65,2022-07-04 10:00:00,6,10,0,0.0
1,65,2022-07-04 10:00:00,6,9,1,2.5
0,65,2022-07-04 10:00:00,6,9,0,0.0
1,65,2022-07-04 10:00:00,6,10,0,0.5
0,66,2022-07-04 12:00:00,6,10,0,0.0
1,66,2022-07-04 12:00:00,5,10,1,2.5
0,66,2022-07-04 12:00:00,5,10,0,0.0
1,66,2022-07-04 12:00:00,6,10,0,0.5
0,67,2022-07-04 13:00:00,6,10,-2,4.0
0,67,2022-07-04 13:00:00,6,10,0,0.0
1,67,2022-07-04 13:00:00,5,10,2,4.5
0,67,2022-07-04 13:00:00,5,10,0,0.0
1,67,2022-07-04 13:00:00,6,10,0,0.5
0,68,2022-07-04 14:00:00,6,10,0,0.0
1,68,2022-07-04 14:00:00,5,10,-3,6.5
0,68,2022-07-04 14:00:00,5,10,0,0.0
1,68,2022-07-04 14:00:00,5,9,0,0.5
2,68,2022-07-04 14:00:00,5,8,1,2.5
0,68,2022-07-04 14:00:00,5,8,0,0.0
1,68,2022-07-04 14:00:00,6,8,0,0.5
2,68,2022-07-04 14:00:00,6,9,0,0.5
3,68,2022-07-04 14:00:00,6,10,0,0.5
0,69,2022-07-04 16:00:00,6,10,1,2.0
0,69,2022-07-04 16:00:00,6,10,0,0.0
0,70,2022-07-04 17:00:00,6,10,-1,2.0
0,70,2022-07-04 17:00:00,6,10,0,0.0
1,70,2022-07-04 17:00:00,6,11,2,4.5
0,70,2022-07-04 17:00:00,6,11,0,0.0
1,70,2022-07-04 17:00:00,6,10,0,0.5
0,71,2022-07-04 23:00:00,6,10,0,0.0
1,71,2022-07-04 23:00:00,6,9,-2,4.5
0,71,2022-07-04 23:00:00,6,9,0,0.0
1,71,2022-07-04 23:00:00,5,9,-3,6.5
0,71,2022-07-04 23:00:00,5,9,0,0.0
1,71,2022-07-04 23:00:00,5,10,3,6.5
0,71,2022-07-04 23:00:00,5,10,0,0.0
1,71,2022-07-04 23:00:00,6,10,0,0.5
0,72,2022-07-05 00:00:00,6,10,0,0.0
1,72,2022-07-05 00:00:00,5,10,2,4.5
0,72,2022-07-05 00:00:00,5,10,0,0.0
1,72,2022-07-05 00:00:00,6,10,0,0.5
0,73,2022-07-05 01:00:00,6,10,0,0.0
1,73,2022-07-05 01:00:00,5,10,-2,4.5
0,73,2022-07-05 01:00:00,5,10,0,0.0
1,73,2022-07-05 01:00:00,6,10,1,2.5
0,73,2022-07-05 01:00:00,6,10,0,0.0
1,73,2022-07-05 01:00:00,6,11,-4,8.5
0,73,2022-07-05 01:00:00,6,11,0,0.0
1,73,2022-07-05 01:00:00,6,10,0,0.5
2,73,2022-07-05 01:00:00,6,9,2,4.5
0,73,2022-07-05 01:00:00,6,9,0,0.0
1,73,2022-07-05 01:00:00,6,10,0,0.5
0,74,2022-07-05 02:00:00,6,10,0,0.0
1,74,2022-07-05 02:00:00,6,11,1,2.5
0,74,2022-07-05 02:00:00,6,11,0,0.0
1,74,2022-07-05 02:00:00,6,10,0,0.5
0,75,2022-07-05 05:00:00,6,10,0,0.0
1,75,2022-07-05 05:00:00,5,10,0,0.5
2,75,2022-07-05 05:00:00,5,9,1,2.5
0,75,2022-07-05 05:00:00,5,9,0,0.0
1,75,2022-07-05 05:00:00,6,9,0,0.5
2,75,2022-07-05 05:00:00,6,10,0,0.5
0,76,2022-07-05 07:00:00,6,10,0,0.0
1,76,2022-07-05 07:00:00,5,10,0,0.5
2,76,2022-07-05 07:00:00,5,9,1,2.5
0,76,2022-07-05 07:00:00,5,9,0,0.0
1,76,2022-07-05 07:00:00,6,9,0,0.5
2,76,2022-07-05 07:00:00,6,10,0,0.5
0,77,2022-07-05 09:00:00,6,10,0,0.0
1,77,2022-07-05 09:00:00,5,10,-3,6.5
0,77,2022-07-05 09:00:00,5,10,0,0.0
1,77,2022-07-05 09:00:00,6,10,0,0.5
2,77,2022-07-05 09:00:00,6,11,1,2.5
0,77,2022-07-05 09:00:00,6,11,0,0.0
1,77,2022-07-05 09:00:00,5,11,0,0.5
2,77,2022-07-05 09:00:00,5,10,0,0.5
3,77,2022-07-05 09:00:00,5,9,1,2.5
0,77,2022-07-05 09:00:00,5,9,0,0.0
1,77,2022-07-05 09:00:00,6,9,0,0.5
2,77,2022-07-05 09:00:00,6,10,0,0.5
0,78,2022-07-05 10:00:00,6,10,1,2.0
0,78,2022-07-05 10:00:00,6,10,0,0.0
0,79,2022-07-05 12:00:00,6,10,-2,4.0
0,79,2022-07-05 12:00:00,6,10,0,0.0
1,79,2022-07-05 12:00:00,5,10,1,2.5
0,79,2022-07-05 12:00:00,5,10,0,0.0
1,79,2022-07-05 12:00:00,6,10,0,0.5
0,80,2022-07-05 13:00:00,6,10,0,0.0
1,80,2022-07-05 13:00:00,6,9,-2,4.5
0,80,2022-07-05 13:00:00,6,9,0,0.0
1,80,2022-07-05 13:00:00,5,9,0,0.5
2,80,2022-07-05 13:00:00,5,10,2,4.5
0,80,2022-07-05 13:00:00,5,10,0,0.0
1,80,2022-07-05 13:00:00,6,10,0,0.5
0,81,2022-07-05 16:00:00,6,10,1,2.0
0,81,2022-07-05 16:00:00,6,10,0,0.0
0,82,2022-07-05 17:00:00,6,10,-1,2.0
0,82,2022-07-05 17:00:00,6,10,0,0.0
1,82,2022-07-05 17:00:00,6,9,1,2.5
0,82,2022-07-05 17:00:00,6,9,0,0.0
1,82,2022-07-05 17:00:00,5,9,-1,2.5
0,82,2022-07-05 17:00:00,5,9,0,0.0
1,82,2022-07-05 17:00:00,5,10,-3,6.5
0,82,2022-07-05 17:00:00,5,10,0,0.0
1,82,2022-07-05 17:00:00,6,10,0,0.5
2,82,2022-07-05 17:00:00,6,11,2,4.5
0,82,2022-07-05 17:00:00,6,11,0,0.0
1,82,2022-07-05 17:00:00,6,10,0,0.5
0,83,2022-07-05 23:00:00,6,10,0,0.0
1,83,2022-07-05 23:00:00,6,9,-1,2.5
0,83,2022-07-05 23:00:00,6,9,0,0.0
1,83,2022-07-05 23:00:00,5,9,0,0.5
2,83,2022-07-05 23:00:00,5,10,3,6.5
0,83,2022-07-05 23:00:00,5,10,0,0.0
1,83,2022-07-05 23:00:00,6,10,0,0.5
0,84,2022-07-06 00:00:00,6,10,0,0.0
1,84,2022-07-06 00:00:00,6,11,-3,6.5
0,84,2022-07-06 00:00:00,6,11,0,0.0
1,84,2022-07-06 00:00:00,5,11,0,0.5
2,84,2022-07-06 00:00:00,5,10,2,4.5
0,84,2022-07-06 00:00:00,5,10,0,0.0
1,84,2022-07-06 00:00:00,6,10,0,0.5
0,85,2022-07-06 01:00:00,6,10,1,2.0
0,85,2022-07-06 01:00:00,6,10,0,0.0
1,85,2022-07-06 01:00:00,5,10,-2,4.5
0,85,2022-07-06 01:00:00,5,10,0,0.0
1,85,2022-07-06 01:00:00,6,10,0,0.5
2,85,2022-07-06 01:00:00,6,9,2,4.5
0,85,2022-07-06 01:00:00,6,9,0,0.0
1,85,2022-07-06 01:00:00,6,10,0,0.5
0,86,2022-07-06 09:00:00,6,10,0,0.0
1,86,2022-07-06 09:00:00,5,10,-3,6.5
0,86,2022-07-06 09:00:00,5,10,0,0.0
1,86,2022-07-06 09:00:00,6,10,0,0.5
2,86,2022-07-06 09:00:00,6,11,1,2.5
0,86,2022-07-06 09:00:00,6,11,0,0.0
1,86,2022-07-06 09:00:00,5,11,0,0.5
2,86,2022-07-06 09:00:00,5,10,0,0.5
3,86,2022-07-06 09:00:00,5,9,1,2.5
0,86,2022-07-06 09:00:00,5,9,0,0.0
1,86,2022-07-06 09:00:00,6,9,0,0.5
2,86,2022-07-06 09:00:00,6,10,0,0.5
0,87,2022-07-06 10:00:00,6,10,1,2.0
0,87,2022-07-06 10:00:00,6,10,0,0.0
0,88,2022-07-06 12:00:00,6,10,-2,4.0
0,88,2022-07-06 12:00:00,6,10,0,0.0
1,88,2022-07-06 12:00:00,5,10,1,2.5
0,88,2022-07-06 12:00:00,5,10,0,0.0
1,88,2022-07-06 12:00:00,6,10,0,0.5
0,89,2022-07-06 13:00:00,6,10,0,0.0
1,89,2022-07-06 13:00:00,6,9,-2,4.5
0,89,2022-07-06 13:00:00,6,9,0,0.0
1,89,2022-07-06 13:00:00,5,9,0,0.5
2,89,2022-07-06 13:00:00,5,10,2,4.5
0,89,2022-07-06 13:00:00,5,10,0,0.0
1,89,2022-07-06 13:00:00,6,10,0,0.5
0,90,2022-07-06 16:00:00,6,10,1,2.0
0,90,2022-07-06 16:00:00,6,10,0,0.0
0,91,2022-07-06 17:00:00,6,10,-1,2.0
0,91,2022-07-06 17:00:00,6,10,0,0.0
1,91,2022-07-06 17:00:00,6,9,1,2.5
0,91,2022-07-06 17:00:00,6,9,0,0.0
1,91,2022-07-06 17:00:00,5,9,-1,2.5
0,91,2022-07-06 17:00:00,5,9,0,0.0
1,91,2022-07-06 17:00:00,5,10,-3,6.5
0,91,2022-07-06 17:00:00,5,10,0,0.0
1,91,2022-07-06 17:00:00,6,10,0,0.5
2,91,2022-07-06 17:00:00,6,11,2,4.5
0,91,2022-07-06 17:00:00,6,11,0,0.0
1,91,2022-07-06 17:00:00,6,10,0,0.5
0,92,2022-07-06 23:00:00,6,10,0,0.0
1,92,2022-07-06 23:00:00,6,9,-1,2.5
0,92,2022-07-06 23:00:00,6,9,0,0.0
1,92,2022-07-06 23:00:00,5,9,0,0.5
2,92,2022-07-06 23:00:00,5,10,3,6.5
0,92,2022-07-06 23:00:00,5,10,0,0.0
1,92,2022-07-06 23:00:00,6,10,0,0.5
0,93,2022-07-07 00:00:00,6,10,0,0.0
1,93,2022-07-07 00:00:00,6,11,-3,6.5
0,93,2022-07-07 00:00:00,6,11,0,0.0
1,93,2022-07-07 00:00:00,5,11,0,0.5
2,93,2022-07-07 00:00:00,5,10,2,4.5
0,93,2022-07-07 00:00:00,5,10,0,0.0
1,93,2022-07-07 00:00:00,6,10,0,0.5
0,94,2022-07-07 01:00:00,6,10,1,2.0
0,94,2022-07-07 01:00:00,6,10,0,0.0
1,94,2022-07-07 01:00:00,5,10,-2,4.5
0,94,2022-07-07 01:00:00,5,10,0,0.0
1,94,2022-07-07 01:00:00,6,10,0,0.5
2,94,2022-07-07 01:00:00,6,9,2,4.5
0,94,2022-07-07 01:00:00,6,9,0,0.0
1,94,2022-07-07 01:00:00,6,10,0,0.5
0,95,2022-07-07 09:00:00,6,10,0,0.0
1,95,2022-07-07 09:00:00,5,10,-3,6.5
0,95,2022-07-07 09:00:00,5,10,0,0.0
1,95,2022-07-07 09:00:00,6,10,0,0.5
2,95,2022-07-07 09:00:00,6,11,1,2.5
0,95,2022-07-07 09:00:00,6,11,0,0.0
1,95,2022-07-07 09:00:00,5,11,0,0.5
2,95,2022-07-07 09:00:00,5,10,0,0.5
3,95,2022-07-07 09:00:00,5,9,1,2.5
0,95,2022-07-07 09:00:00,5,9,0,0.0
1,95,2022-07-07 09:00:00,6,9,0,0.5
2,95,2022-07-07 09:00:00,6,10,0,0.5
0,96,2022-07-07 10:00:00,6,10,1,2.0
0,96,2022-07-07 10:00:00,6,10,0,0.0
0,97,2022-07-07 12:00:00,6,10,-2,4.0
0,97,2022-07-07 12:00:00,6,10,0,0.0
1,97,2022-07-07 12:00:00,5,10,1,2.5
0,97,2022-07-07 12:00:00,5,10,0,0.0
1,97,2022-07-07 12:00:00,6,10,0,0.5
0,98,2022-07-07 13:00:00,6,10,0,0.0
1,98,2022-07-07 13:00:00,6,9,-2,4.5
0,98,2022-07-07 13:00:00,6,9,0,0.0
1,98,2022-07-07 13:00:00,5,9,0,0.5
2,98,2022-07-07 13:00:00,5,10,2,4.5
0,98,2022-07-07 13:00:00,5,10,0,0.0
1,98,2022-07-07 13:00:00,6,10,0,0.5
0,99,2022-07-07 16:00:00,6,10,1,2.0
0,99,2022-07-07 16:00:00,6,10,0,0.0
0,100,2022-07-07 17:00:00,6,10,-1,2.0
0,100,2022-07-07 17:00:00,6,10,0,0.0
1,100,2022-07-07 17:00:00,6,9,1,2.5
0,100,2022-07-07 17:00:00,6,9,0,0.0
1,100,2022-07-07 17:00:00,5,9,-1,2.5
0,100,2022-07-07 17:00:00,5,9,0,0.0
1,100,2022-07-07 17:00:00,5,10,-3,6.5
0,100,2022-07-07 17:00:00,5,10,0,0.0
1,100,2022-07-07 17:00:00,6,10,0,0.5
2,100,2022-07-07 17:00:00,6,11,2,4.5
0,100,2022-07-07 17:00:00,6,11,0,0.0
1,100,2022-07-07 17:00:00,6,10,0,0.5
0,101,2022-07-07 23:00:00,6,10,0,0.0
1,101,2022-07-07 23:00:00,6,9,-1,2.5
0,101,2022-07-07 23:00:00,6,9,0,0.0
1,101,2022-07-07 23:00:00,5,9,0,0.5
2,101,2022-07-07 23:00:00,5,10,3,6.5
0,101,2022-07-07 23:00:00,5,10,0,0.0
1,101,2022-07-07 23:00:00,6,10,0,0.5
